geoid,county_fips,food_desert_1mi,food_desert_halfmi,pct_low_food_access,pct_lowinc_low_food_access,usda_poverty_rate,usda_median_family_income,snap_households,pct_no_vehicle_low_access,median_household_income,poverty_rate,unemployment_rate,mean_commute_minutes,pct_with_health_insurance,pct_below_poverty_all,total_population,pct_white,pct_black,pct_hispanic,median_age,county_name
48085030101,48085,,,,,,,,,96111.0,5.3,1.8,29.8,85.9,8.6,2874.0,84.5,0.1,12.7,39.7,Collin County
48085030102,48085,,,,,,,,,95625.0,11.2,1.7,38.3,74.2,12.5,3795.0,96.0,0.0,3.1,41.0,Collin County
48085030201,48085,0.0,0.0,99.9252473867851,20.7315882291684,9.89886607416488,86389.0,13.0,0.499041368471112,134290.0,2.1,2.9,28.6,89.5,4.4,5985.0,78.8,6.6,8.5,40.2,Collin County
48085030202,48085,0.0,0.0,97.8677797748786,14.1997890465941,7.60215394361736,108472.0,9.0,0.0,129915.0,1.8,3.7,32.9,92.6,3.7,5687.0,81.6,1.0,8.6,41.1,Collin County
48085030204,48085,,,,,,,,,112761.0,8.1,3.7,31.7,89.5,7.9,7785.0,71.3,18.2,8.1,34.4,Collin County
48085030205,48085,,,,,,,,,83352.0,16.3,0.8,28.2,86.7,18.2,5625.0,77.3,10.2,2.9,30.7,Collin County
48085030206,48085,,,,,,,,,152800.0,3.4,3.5,33.4,97.5,4.2,5054.0,70.5,10.9,7.4,36.7,Collin County
48085030207,48085,,,,,,,,,102447.0,3.5,4.7,30.6,90.4,4.7,15551.0,69.3,16.7,5.8,32.5,Collin County
48085030301,48085,0.0,0.0,93.4200939988567,10.6057197943822,6.76801637187546,107614.0,10.0,0.794644146432793,142690.0,4.3,2.2,33.1,97.4,4.1,9893.0,68.8,10.2,3.0,36.0,Collin County
48085030302,48085,0.0,0.0,95.8361797046566,6.59769519239952,5.57683101962662,184265.0,5.0,0.663985647106209,196354.0,1.3,3.4,30.7,94.2,2.5,5637.0,79.3,6.6,4.2,40.8,Collin County
48085030303,48085,0.0,0.0,18.5378080027734,0.47009323029973393,1.2369540007731,161250.0,26.0,0.0382892315573965,180242.0,1.4,5.7,29.9,97.1,4.1,10558.0,70.1,9.9,6.9,37.3,Collin County
48085030304,48085,0.0,0.0,49.9033869403498,6.49428511308541,6.511962583198421,136563.0,32.0,0.648716528103513,181045.0,1.5,6.0,30.2,93.5,2.6,8922.0,76.8,3.6,6.8,34.6,Collin County
48085030306,48085,,,,,,,,,145927.0,10.7,6.5,31.6,92.0,9.0,14106.0,69.5,4.3,11.5,35.0,Collin County
48085030307,48085,,,,,,,,,162879.0,0.0,1.8,31.9,90.5,0.5,16971.0,76.5,5.5,4.5,37.2,Collin County
48085030403,48085,0.0,0.0,40.875141950292,1.7993522854411699,3.71580939274041,108561.0,59.0,0.231387662028837,136279.0,2.3,10.6,28.2,96.0,2.2,7165.0,73.8,9.3,11.7,36.1,Collin County
48085030404,48085,0.0,0.0,19.8805496764668,4.01463622514388,3.95759717314488,132411.0,101.0,0.6930767063364189,144306.0,1.8,8.9,40.5,94.0,5.3,5695.0,57.5,11.1,15.5,40.3,Collin County
48085030405,48085,0.0,0.0,5.38499027731071,1.0203926583135898,5.97107438016529,83542.0,28.0,0.0,70789.0,13.4,5.2,21.9,89.7,14.0,5382.0,59.3,21.2,10.1,34.9,Collin County
48085030406,48085,0.0,0.0,0.0,0.0,10.493552690084499,91071.0,137.0,0.0,73702.0,4.2,1.1,29.7,79.6,6.1,5403.0,55.0,11.5,16.0,31.9,Collin County
48085030407,48085,0.0,0.0,6.273564107355541,0.623804599924905,4.17754569190601,194926.0,0.0,0.0639248777836006,161417.0,4.9,4.2,25.8,96.7,6.2,3576.0,77.0,5.3,2.1,45.1,Collin County
48085030409,48085,,,,,,,,,59816.0,0.0,2.4,20.4,86.4,3.2,2847.0,64.1,5.7,11.7,33.8,Collin County
48085030410,48085,,,,,,,,,85398.0,4.3,2.3,23.2,78.4,4.8,4274.0,66.8,15.7,12.8,30.5,Collin County
48085030504,48085,0.0,0.0,20.0275587704833,1.12135038502237,2.93873024674245,138147.0,8.0,0.6169263115953649,82100.0,5.2,4.8,18.7,85.8,5.6,4116.0,62.2,8.9,8.8,34.1,Collin County
48085030505,48085,0.0,0.0,0.0,0.0,3.3930857874519798,108309.0,20.0,0.0,86940.0,3.2,5.5,17.0,85.2,9.1,6371.0,34.9,10.6,7.0,30.7,Collin County
48085030506,48085,0.0,0.0,,,2.45028409090909,133036.0,53.0,,129063.0,2.2,3.0,24.6,94.7,3.1,4916.0,52.3,14.0,11.0,36.2,Collin County
48085030507,48085,0.0,0.0,,,1.7435320584926899,139519.0,3.0,,155568.0,3.1,5.6,26.8,93.7,3.9,1816.0,61.5,3.1,15.4,40.1,Collin County
48085030509,48085,0.0,0.0,0.121384607725203,0.0136355063362759,3.53280461427541,123287.0,8.0,0.0265937038427274,144500.0,1.2,2.4,27.6,92.0,1.7,2846.0,60.9,1.7,9.8,41.0,Collin County
48085030510,48085,0.0,0.0,99.9999992769099,8.178749703396889,5.67945286946179,96472.0,46.0,1.58869866153715,151389.0,2.0,2.0,26.1,92.3,6.3,3338.0,45.8,16.6,20.9,38.9,Collin County
48085030511,48085,0.0,0.0,97.5377894215252,3.96670633274891,2.66754642284852,162543.0,16.0,0.44073664952546804,201910.0,0.7,3.4,31.0,96.1,1.2,13992.0,29.8,7.8,8.6,38.6,Collin County
48085030512,48085,0.0,0.0,6.842550078726569,0.10213082334911999,0.0,179634.0,0.0,0.0,211435.0,0.0,2.3,29.9,94.0,0.0,5366.0,62.6,4.8,3.6,38.3,Collin County
48085030515,48085,0.0,0.0,,,4.22082887291635,109364.0,35.0,,125143.0,1.8,7.9,31.8,91.4,1.6,7567.0,48.3,18.1,20.7,35.7,Collin County
48085030516,48085,0.0,0.0,29.3631436097896,3.33884802721923,2.14972940469032,117656.0,47.0,0.0,120469.0,4.0,2.3,29.8,94.6,5.1,6762.0,56.5,13.0,5.8,36.0,Collin County
48085030517,48085,0.0,0.0,23.8473467129614,3.40762789582802,6.27988925245407,120313.0,32.0,0.157303057457439,111614.0,2.2,5.9,37.9,92.1,3.0,11069.0,57.4,11.1,3.6,34.9,Collin County
48085030518,48085,0.0,0.0,23.352442207453798,0.806177437100615,1.61738278059141,173750.0,12.0,0.134659788011047,198105.0,1.8,4.1,34.7,97.2,2.3,10167.0,28.9,5.3,2.7,37.1,Collin County
48085030519,48085,0.0,0.0,18.7569577720348,0.430609654609095,1.1887072808321,149044.0,12.0,0.28655080950474004,164141.0,0.0,3.0,28.8,96.7,0.9,8300.0,52.8,10.4,8.8,35.0,Collin County
48085030520,48085,0.0,0.0,99.999999439447,5.44180490617412,0.64112349259655,140795.0,11.0,1.38141680507692,147880.0,3.4,6.1,34.1,86.6,2.4,6567.0,44.2,11.2,14.4,37.7,Collin County
48085030521,48085,0.0,0.0,100.000000222291,5.636193364618499,0.737924865831843,127625.0,26.0,0.603127764398686,142219.0,0.0,6.4,33.1,95.5,0.6,5241.0,33.4,16.9,5.4,34.4,Collin County
48085030524,48085,0.0,0.0,0.000666755008848107,7.48142033670071e-05,3.25094633711868,109083.0,24.0,0.0,126667.0,4.6,6.8,31.3,91.2,7.5,8762.0,49.2,11.2,11.1,34.4,Collin County
48085030525,48085,0.0,0.0,7.584021436236919,0.324127996271853,2.17322834645669,137292.0,20.0,0.0,146604.0,0.0,2.8,25.8,93.1,0.3,5390.0,78.2,1.2,9.6,43.6,Collin County
48085030529,48085,0.0,0.0,0.189991644871088,0.008286869636288401,4.1135881104034,133343.0,20.0,0.0,141500.0,2.3,2.6,36.4,95.4,3.4,3606.0,65.8,18.1,8.4,38.9,Collin County
48085030531,48085,0.0,0.0,7.81145435975841,0.687638155158209,3.26873011281458,139792.0,13.0,0.379055722562129,159067.0,4.0,9.2,33.8,91.9,8.8,7261.0,78.7,11.4,4.7,40.1,Collin County
48085030532,48085,,,,,,,,,133088.0,3.6,5.2,24.8,87.9,2.3,2373.0,73.1,5.6,3.7,42.6,Collin County
48085030533,48085,,,,,,,,,158672.0,2.4,1.1,26.1,92.6,4.4,3017.0,62.9,1.7,12.9,41.7,Collin County
48085030534,48085,,,,,,,,,145000.0,0.0,3.3,25.9,87.9,0.6,2811.0,83.3,0.0,11.2,43.8,Collin County
48085030535,48085,,,,,,,,,93750.0,5.3,0.8,27.8,96.9,4.6,2755.0,84.9,0.0,9.9,43.6,Collin County
48085030536,48085,,,,,,,,,184250.0,2.9,5.8,35.5,93.8,1.8,6621.0,37.0,9.8,11.2,35.2,Collin County
48085030537,48085,,,,,,,,,149510.0,2.8,1.2,28.9,96.1,3.2,7844.0,44.6,2.2,6.8,34.7,Collin County
48085030538,48085,,,,,,,,,131207.0,10.4,4.2,35.4,93.8,13.2,5762.0,44.4,14.6,9.6,38.6,Collin County
48085030539,48085,,,,,,,,,138217.0,6.1,1.3,29.5,98.1,7.2,6601.0,66.4,12.5,4.5,33.4,Collin County
48085030540,48085,,,,,,,,,58690.0,1.3,0.0,32.0,79.7,4.3,3598.0,42.4,24.3,9.1,32.3,Collin County
48085030541,48085,,,,,,,,,162050.0,2.4,0.0,25.3,93.5,2.4,3069.0,66.1,1.3,3.1,40.3,Collin County
48085030542,48085,,,,,,,,,96939.0,6.0,1.4,28.1,93.7,6.1,7403.0,51.7,10.3,2.9,36.2,Collin County
48085030543,48085,,,,,,,,,115920.0,20.9,7.0,34.0,95.6,13.2,3981.0,42.2,13.2,2.3,38.0,Collin County
48085030544,48085,,,,,,,,,113229.0,2.1,3.9,28.1,95.1,2.3,5547.0,75.9,5.5,2.0,35.5,Collin County
48085030545,48085,,,,,,,,,157017.0,0.0,3.3,27.2,95.0,1.6,2780.0,87.5,0.0,3.3,47.0,Collin County
48085030546,48085,,,,,,,,,181929.0,0.0,6.3,27.5,97.4,1.1,5576.0,65.4,12.8,3.7,41.0,Collin County
48085030547,48085,,,,,,,,,171615.0,2.1,2.1,26.6,97.0,2.1,5136.0,70.0,13.3,13.2,41.0,Collin County
48085030548,48085,,,,,,,,,168620.0,3.0,1.5,28.1,92.6,4.6,6055.0,63.1,13.5,6.7,37.1,Collin County
48085030549,48085,,,,,,,,,103616.0,4.8,3.2,26.6,98.3,5.9,2665.0,70.3,10.4,3.7,39.6,Collin County
48085030550,48085,,,,,,,,,118973.0,2.1,5.1,28.4,89.5,2.6,4028.0,77.7,7.7,4.5,38.1,Collin County
48085030604,48085,0.0,0.0,96.946358626839,13.837463181835998,2.6671974522293,104531.0,0.0,1.4707313922226402,115885.0,0.0,2.9,26.1,94.3,0.1,3862.0,60.8,22.0,13.7,34.4,Collin County
48085030605,48085,0.0,0.0,46.6122286991836,11.6340572960129,7.1849385245901605,81472.0,106.0,0.0715361917646576,82112.0,7.6,4.6,21.8,87.1,11.5,6827.0,61.8,18.0,12.8,35.9,Collin County
48085030606,48085,,,,,,,,,72041.0,1.9,4.2,27.6,96.4,2.8,6006.0,72.6,24.1,1.7,37.2,Collin County
48085030607,48085,,,,,,,,,183490.0,0.0,0.7,24.6,94.6,0.0,5189.0,78.7,1.7,5.1,50.5,Collin County
48085030608,48085,,,,,,,,,89912.0,0.0,9.2,17.8,91.0,0.9,2392.0,71.4,9.2,12.9,33.9,Collin County
48085030609,48085,,,,,,,,,95500.0,1.5,0.3,25.6,91.2,4.5,7533.0,65.5,15.0,4.0,36.8,Collin County
48085030701,48085,0.0,0.0,4.250655034179649,0.9121577264501199,13.8291333743085,66938.0,77.0,0.220010023512898,83340.0,6.2,5.9,19.2,78.8,13.9,3292.0,79.3,15.6,4.3,35.0,Collin County
48085030702,48085,0.0,1.0,,,19.5422196576265,53654.0,163.0,,80326.0,15.0,4.0,22.8,75.9,16.0,5419.0,75.9,7.7,14.2,34.8,Collin County
48085030801,48085,0.0,1.0,0.304520759174115,0.0769189629906025,10.9001563547018,54158.0,85.0,0.0188000225506922,69071.0,7.4,2.9,22.9,90.7,9.0,4234.0,71.4,10.0,8.0,30.9,Collin County
48085030802,48085,1.0,1.0,37.4703192975812,16.3467800308857,13.5625763658579,48996.0,178.0,1.45264239445587,59008.0,10.4,2.9,28.1,81.1,13.2,5677.0,77.8,10.2,10.0,38.4,Collin County
48085030901,48085,,,,,,,,,82745.0,11.9,5.1,23.5,69.3,11.8,2660.0,57.3,22.9,17.3,28.8,Collin County
48085030903,48085,,,,,,,,,45608.0,21.1,0.7,19.5,73.3,25.0,7075.0,61.5,12.9,22.8,38.0,Collin County
48085031003,48085,0.0,0.0,36.368706448226504,8.614037440812721,8.99824812868291,75125.0,117.0,0.0657972812164196,97500.0,4.5,4.1,34.3,93.8,5.1,12247.0,57.0,20.1,14.2,33.7,Collin County
48085031005,48085,,,,,,,,,60473.0,7.1,0.0,27.7,76.5,8.4,3383.0,77.2,4.2,14.3,40.0,Collin County
48085031006,48085,,,,,,,,,59538.0,2.3,2.2,39.4,68.7,4.5,3643.0,87.5,1.8,9.5,39.7,Collin County
48085031007,48085,,,,,,,,,97566.0,5.1,1.6,33.1,83.6,8.3,7394.0,69.8,19.1,7.2,33.6,Collin County
48085031008,48085,,,,,,,,,64960.0,1.5,0.5,38.2,76.1,7.1,3044.0,83.5,1.5,7.2,38.6,Collin County
48085031101,48085,,,,,,,,,78206.0,12.9,3.6,37.2,89.3,14.4,6127.0,81.7,6.7,8.6,40.2,Collin County
48085031102,48085,,,,,,,,,91605.0,1.3,10.4,43.1,85.1,5.2,6885.0,74.6,4.0,15.2,36.2,Collin County
48085031201,48085,0.0,0.0,100.00000021105599,18.8268166576789,8.24742268041237,80536.0,34.0,2.53011936175229,112564.0,2.9,2.5,41.2,87.9,6.0,8987.0,77.3,6.1,11.0,35.0,Collin County
48085031202,48085,0.0,0.0,96.10217062230771,12.318055455253,1.04122396940077,114653.0,37.0,1.06336535651604,117486.0,1.7,0.6,36.1,85.5,2.9,7452.0,61.2,13.3,15.8,36.0,Collin County
48085031308,48085,0.0,0.0,95.441805342033,11.9626963487281,9.9166427134234,106908.0,54.0,1.44677526000648,106094.0,6.9,4.4,35.7,80.3,9.2,7149.0,66.2,13.7,14.4,33.0,Collin County
48085031314,48085,0.0,0.0,100.00000127453501,16.0488974038599,1.0900929785187599,140350.0,30.0,0.0,166875.0,0.3,4.4,36.0,94.1,1.1,6068.0,58.9,4.1,17.7,38.7,Collin County
48085031318,48085,,,,,,,,,106250.0,8.0,3.9,32.2,90.3,13.4,5347.0,61.0,13.9,9.5,33.7,Collin County
48085031319,48085,,,,,,,,,62827.0,3.9,2.7,28.9,85.6,5.2,4873.0,56.4,16.0,12.5,35.0,Collin County
48085031320,48085,,,,,,,,,107817.0,1.6,3.0,29.5,80.4,2.3,6801.0,58.4,18.1,16.4,35.1,Collin County
48085031321,48085,,,,,,,,,153125.0,0.0,2.4,35.5,91.6,0.9,6512.0,64.8,10.9,6.8,32.6,Collin County
48085031322,48085,,,,,,,,,109529.0,4.2,5.1,28.7,89.3,6.2,7977.0,65.5,9.7,13.5,34.0,Collin County
48085031323,48085,,,,,,,,,129777.0,4.1,6.8,38.0,90.5,5.5,6264.0,77.0,5.7,3.9,36.0,Collin County
48085031324,48085,,,,,,,,,146286.0,1.8,6.2,33.1,82.3,4.3,4739.0,65.0,13.9,1.7,42.0,Collin County
48085031325,48085,,,,,,,,,105104.0,0.0,6.6,29.9,98.5,1.3,1879.0,72.8,3.9,6.8,47.3,Collin County
48085031326,48085,,,,,,,,,219194.0,2.5,2.3,37.9,93.7,2.4,6921.0,59.0,9.7,5.6,43.9,Collin County
48085031327,48085,,,,,,,,,186365.0,0.0,4.5,29.5,93.9,0.2,3863.0,54.0,4.8,1.5,41.0,Collin County
48085031328,48085,,,,,,,,,153256.0,3.6,4.7,29.4,94.3,4.7,3565.0,55.7,1.8,1.7,43.9,Collin County
48085031329,48085,,,,,,,,,139148.0,3.7,4.9,31.9,87.5,5.6,7706.0,45.6,13.8,2.0,37.6,Collin County
48085031330,48085,,,,,,,,,131760.0,4.0,5.0,31.5,86.4,5.4,6217.0,57.8,16.6,5.1,35.7,Collin County
48085031331,48085,,,,,,,,,77330.0,1.8,2.2,31.5,87.9,3.9,4180.0,60.8,20.7,9.2,38.6,Collin County
48085031332,48085,,,,,,,,,110841.0,1.7,0.0,31.9,86.3,1.5,4698.0,46.6,9.9,3.7,36.3,Collin County
48085031333,48085,,,,,,,,,124375.0,4.7,3.1,31.6,87.0,8.2,4371.0,35.3,10.2,2.6,43.3,Collin County
48085031334,48085,,,,,,,,,143477.0,1.1,16.7,30.6,94.4,1.4,3770.0,73.0,4.3,1.5,30.9,Collin County
48085031335,48085,,,,,,,,,134326.0,0.8,8.1,26.3,92.2,1.8,5441.0,65.4,9.5,3.5,40.0,Collin County
48085031336,48085,,,,,,,,,158382.0,1.6,6.2,32.2,90.0,1.7,5725.0,56.9,13.2,9.3,40.1,Collin County
48085031408,48085,0.0,0.0,22.2627001333395,0.981537661113826,2.4153248195447,124025.0,28.0,0.187127578599809,158788.0,6.9,6.1,29.2,95.3,12.7,3833.0,48.2,21.9,4.4,37.2,Collin County
48085031411,48085,0.0,0.0,17.009705548775898,2.0478515159544597,4.75679542203147,137344.0,34.0,0.0,158906.0,3.2,2.2,24.0,95.6,4.3,6321.0,53.6,18.7,3.7,36.7,Collin County
48085031412,48085,,,,,,,,,97451.0,13.8,2.6,26.8,97.4,18.3,7158.0,67.8,15.6,7.3,41.9,Collin County
48085031413,48085,,,,,,,,,129347.0,1.1,7.2,24.8,85.7,1.2,8306.0,48.7,32.3,5.0,37.2,Collin County
48085031414,48085,,,,,,,,,156856.0,1.4,6.7,21.6,93.6,1.6,7711.0,58.7,2.9,4.7,29.8,Collin County
48085031415,48085,,,,,,,,,173759.0,0.0,1.2,36.5,91.1,0.1,6426.0,65.4,9.4,0.1,36.6,Collin County
48085031416,48085,,,,,,,,,209040.0,2.6,1.8,28.1,95.8,1.3,10163.0,39.3,7.1,5.3,39.4,Collin County
48085031417,48085,,,,,,,,,148015.0,2.3,0.0,28.8,98.8,2.4,5205.0,45.4,17.7,4.4,35.5,Collin County
48085031418,48085,,,,,,,,,216571.0,5.1,3.4,27.1,94.0,7.4,5618.0,44.7,0.3,11.2,41.5,Collin County
48085031419,48085,,,,,,,,,149313.0,0.0,4.1,29.8,98.0,0.3,5138.0,95.3,1.0,1.0,43.6,Collin County
48085031420,48085,,,,,,,,,106333.0,7.2,0.0,27.8,97.3,13.4,3029.0,93.0,0.0,4.8,68.8,Collin County
48085031421,48085,,,,,,,,,147850.0,4.2,4.2,32.4,94.1,4.5,3637.0,44.4,9.5,7.5,41.8,Collin County
48085031422,48085,,,,,,,,,80603.0,7.1,5.3,25.9,88.2,12.2,4405.0,47.2,8.3,27.6,37.9,Collin County
48085031423,48085,,,,,,,,,101486.0,0.0,7.6,32.3,92.0,0.0,3793.0,67.0,7.8,14.4,30.7,Collin County
48085031424,48085,,,,,,,,,137019.0,2.0,2.3,30.1,90.6,2.4,2746.0,68.7,19.6,2.1,35.8,Collin County
48085031425,48085,,,,,,,,,123167.0,7.4,6.1,28.5,96.0,6.6,5545.0,59.0,9.9,12.2,42.5,Collin County
48085031504,48085,0.0,0.0,4.64217181496777,0.757156550960565,2.58803563852355,100909.0,65.0,0.0,91531.0,1.0,1.9,30.6,93.8,1.4,6129.0,70.2,16.7,4.5,43.2,Collin County
48085031507,48085,0.0,0.0,,,6.65180867478142,101463.0,52.0,,89625.0,6.2,3.2,21.2,89.7,7.1,7040.0,70.1,6.3,7.4,37.7,Collin County
48085031508,48085,0.0,0.0,4.02051693088763,1.68528588183444,4.5644437567693,81146.0,197.0,0.197766576230274,98106.0,2.7,2.4,23.2,91.7,4.2,5653.0,73.0,9.4,4.1,38.4,Collin County
48085031509,48085,,,,,,,,,114671.0,4.2,8.5,26.3,93.5,5.5,4030.0,53.3,4.0,8.6,40.9,Collin County
48085031510,48085,,,,,,,,,135648.0,1.9,8.2,26.8,95.4,3.6,6877.0,63.2,6.0,4.7,35.9,Collin County
48085031511,48085,,,,,,,,,76683.0,13.5,5.4,29.0,81.2,13.1,4877.0,70.7,14.3,9.0,39.8,Collin County
48085031512,48085,,,,,,,,,50457.0,19.9,3.4,22.0,85.1,26.1,3427.0,62.9,11.0,14.6,30.7,Collin County
48085031611,48085,0.0,0.0,,,15.0046382189239,91299.0,139.0,,89978.0,3.5,7.5,25.7,66.2,7.3,3606.0,45.6,11.3,33.2,42.0,Collin County
48085031613,48085,0.0,0.0,,,5.98880597014925,116250.0,54.0,,146875.0,2.6,3.9,33.6,95.9,2.3,5543.0,83.2,0.9,9.1,41.7,Collin County
48085031621,48085,0.0,0.0,0.0,0.0,12.2485312444365,86187.0,73.0,0.0,73026.0,12.1,3.1,27.1,95.2,16.0,6356.0,70.7,12.7,2.4,40.6,Collin County
48085031622,48085,0.0,0.0,2.77157052937864,0.0739635929644494,2.92666885892798,111278.0,27.0,0.0,101815.0,0.0,4.6,27.5,83.0,1.4,6731.0,63.5,9.7,7.7,42.0,Collin County
48085031623,48085,0.0,0.0,74.5256494464285,26.1568371847433,15.629370629370602,83368.0,82.0,1.96319582774015,79771.0,2.4,4.1,24.9,84.7,3.8,2582.0,53.1,10.6,10.5,37.5,Collin County
48085031624,48085,0.0,1.0,,,8.84220810942843,52561.0,186.0,,64183.0,15.2,2.6,24.1,79.8,13.2,2876.0,54.5,8.2,15.5,34.0,Collin County
48085031625,48085,0.0,0.0,,,5.46181172291297,109836.0,28.0,,127198.0,2.8,1.7,23.2,91.8,5.2,4485.0,79.4,5.1,6.3,47.9,Collin County
48085031626,48085,0.0,0.0,43.071513446439205,2.97701881149737,3.63869863013699,132143.0,8.0,0.197177256680529,114531.0,2.3,4.0,21.8,91.7,5.1,2227.0,76.3,0.7,9.7,48.6,Collin County
48085031627,48085,0.0,0.0,,,9.6749226006192,106339.0,66.0,,123409.0,1.6,3.3,23.9,93.1,1.2,5314.0,78.9,3.0,1.8,38.0,Collin County
48085031628,48085,0.0,0.0,,,5.60519902518278,93750.0,14.0,,106050.0,4.5,4.3,28.6,90.0,9.6,3982.0,72.4,7.4,10.5,40.2,Collin County
48085031629,48085,0.0,0.0,,,11.855535200209399,74118.0,114.0,,96671.0,2.5,2.6,26.1,86.1,6.0,3715.0,80.0,7.9,4.3,34.1,Collin County
48085031630,48085,0.0,0.0,14.626208774227202,1.0740628363371099,0.869187309865276,138462.0,68.0,0.0,114039.0,1.0,9.4,26.6,93.4,1.9,4295.0,55.6,9.6,11.3,36.7,Collin County
48085031631,48085,0.0,0.0,,,10.8543128353281,106061.0,195.0,,93000.0,7.8,1.2,25.0,87.6,11.8,5353.0,56.8,5.1,21.4,33.4,Collin County
48085031632,48085,0.0,0.0,,,8.251953125,102829.0,125.0,,75573.0,11.7,8.3,24.2,86.9,11.7,5811.0,53.8,23.1,4.9,42.4,Collin County
48085031633,48085,0.0,0.0,,,4.58913983661701,98026.0,14.0,,125000.0,0.3,1.6,26.8,94.4,3.3,3803.0,65.1,11.6,11.1,43.6,Collin County
48085031634,48085,0.0,0.0,,,2.35294117647059,76583.0,75.0,,90598.0,3.3,3.3,30.1,84.3,4.4,2920.0,74.4,2.4,10.5,37.4,Collin County
48085031635,48085,0.0,0.0,,,1.6516516516516502,78724.0,56.0,,84387.0,8.5,6.4,27.5,81.6,11.3,4774.0,42.8,16.4,9.7,32.3,Collin County
48085031636,48085,0.0,0.0,,,1.15606936416185,105880.0,32.0,,112139.0,1.8,5.0,25.0,87.5,2.2,7186.0,61.6,5.9,5.5,42.4,Collin County
48085031639,48085,0.0,0.0,,,3.7889039242219202,115275.0,31.0,,167683.0,1.0,4.8,25.7,95.6,3.0,7363.0,42.4,7.8,5.4,35.8,Collin County
48085031641,48085,0.0,0.0,20.3115812302241,1.05781263485433,2.00220715749645,154375.0,9.0,0.0,138904.0,1.3,1.6,25.5,91.7,1.1,6544.0,31.3,5.5,4.9,40.6,Collin County
48085031642,48085,0.0,0.0,,,3.77107364685004,135363.0,23.0,,148500.0,1.5,13.3,30.0,92.6,2.1,4564.0,58.3,5.4,2.1,47.5,Collin County
48085031643,48085,0.0,0.0,,,12.1110009910803,106213.0,182.0,,92177.0,8.0,5.0,32.5,92.9,12.7,4661.0,54.5,10.0,6.2,36.5,Collin County
48085031645,48085,0.0,0.0,,,2.0438683948155503,166908.0,0.0,,186750.0,1.5,3.0,24.5,98.5,2.1,1703.0,66.1,8.7,4.4,46.6,Collin County
48085031646,48085,0.0,0.0,3.43428531987044,0.117896365520197,2.71356783919598,189095.0,23.0,0.0,179265.0,0.0,0.7,23.4,94.1,1.5,5453.0,58.5,7.7,4.5,42.5,Collin County
48085031647,48085,0.0,0.0,,,0.6075334143377891,125326.0,10.0,,96406.0,1.4,2.4,24.8,94.2,1.2,3380.0,57.4,8.0,8.0,38.0,Collin County
48085031649,48085,0.0,0.0,1.06097230203099,0.159786134281359,5.37727666955768,134375.0,52.0,0.144602880518661,119263.0,2.5,4.8,26.7,91.0,3.9,5428.0,56.7,8.6,10.5,45.8,Collin County
48085031654,48085,0.0,0.0,,,1.89025991073773,163462.0,0.0,,163810.0,1.0,3.6,24.2,88.3,2.6,4333.0,56.3,6.9,2.3,40.5,Collin County
48085031655,48085,0.0,0.0,,,4.57694730212051,119191.0,30.0,,82167.0,4.5,4.0,20.5,89.6,7.2,4403.0,45.8,9.7,15.1,38.6,Collin County
48085031657,48085,0.0,0.0,100.000000660446,11.086628468243,4.23759507424846,87548.0,28.0,4.84604173149794,94571.0,1.4,6.5,20.0,90.6,5.1,3388.0,39.6,18.4,18.2,29.0,Collin County
48085031659,48085,0.0,0.0,57.5754947429052,10.052426805994399,4.23190859077444,94552.0,13.0,2.04018889447657,80481.0,2.2,0.4,20.1,92.5,4.9,2671.0,37.2,7.8,2.6,32.0,Collin County
48085031660,48085,0.0,0.0,,,4.62328767123288,102520.0,69.0,,120278.0,7.0,3.1,20.5,90.8,5.2,4752.0,24.1,5.8,1.4,33.6,Collin County
48085031661,48085,0.0,0.0,,,5.33055390113163,158068.0,0.0,,170063.0,0.0,6.3,22.9,91.1,4.1,3539.0,40.1,8.5,2.1,41.6,Collin County
48085031662,48085,0.0,0.0,33.3583005253816,1.23109712177747,0.584429137967022,154922.0,6.0,0.9587771218215351,133063.0,7.6,3.5,29.7,91.5,5.0,4361.0,38.0,8.7,8.3,39.3,Collin County
48085031663,48085,0.0,0.0,35.2821260570214,1.9372082779353401,4.23497267759563,155563.0,4.0,0.0,124722.0,2.7,1.9,29.2,96.4,3.4,3503.0,40.9,9.0,1.3,38.5,Collin County
48085031664,48085,0.0,0.0,3.20791681767229,0.181400063407894,5.61650992685475,160486.0,8.0,0.0,188393.0,4.8,8.3,25.9,95.7,6.3,3653.0,48.0,7.4,3.3,46.8,Collin County
48085031665,48085,,,,,,,,,79213.0,9.5,9.8,22.8,87.2,7.8,3197.0,23.7,23.5,6.6,36.1,Collin County
48085031666,48085,,,,,,,,,114691.0,5.0,4.9,28.8,89.2,10.5,6249.0,33.6,14.5,3.5,36.5,Collin County
48085031667,48085,,,,,,,,,123500.0,8.6,2.5,27.3,90.8,11.7,2967.0,75.3,1.6,4.0,43.2,Collin County
48085031669,48085,,,,,,,,,125288.0,2.1,3.7,23.6,88.2,2.3,2361.0,53.7,9.5,3.8,35.2,Collin County
48085031670,48085,,,,,,,,,95909.0,0.7,1.7,20.2,83.8,6.2,1111.0,57.2,9.5,10.9,42.0,Collin County
48085031671,48085,,,,,,,,,75213.0,13.3,9.1,27.0,91.9,10.6,2675.0,67.7,16.2,5.2,39.5,Collin County
48085031672,48085,,,,,,,,,95938.0,0.0,4.5,21.6,93.8,3.9,2093.0,65.3,13.4,9.3,42.1,Collin County
48085031673,48085,,,,,,,,,97313.0,0.0,3.4,28.5,99.2,0.6,2389.0,29.5,7.0,7.5,34.9,Collin County
48085031674,48085,,,,,,,,,109000.0,1.1,4.0,25.2,90.7,2.0,5046.0,41.6,12.0,12.5,36.1,Collin County
48085031675,48085,,,,,,,,,116563.0,0.0,2.1,24.1,98.9,1.2,2894.0,36.1,10.3,8.1,40.6,Collin County
48085031676,48085,,,,,,,,,126442.0,4.5,8.9,21.0,88.4,4.5,3115.0,70.7,5.7,6.4,42.5,Collin County
48085031677,48085,,,,,,,,,217065.0,3.8,2.4,28.9,99.3,5.2,3118.0,74.6,0.2,1.4,47.1,Collin County
48085031678,48085,,,,,,,,,157206.0,4.6,4.5,29.9,90.7,11.1,3220.0,53.9,11.2,4.8,45.6,Collin County
48085031679,48085,,,,,,,,,178750.0,0.0,0.0,27.6,97.4,0.0,2325.0,25.6,2.8,4.0,43.7,Collin County
48085031680,48085,,,,,,,,,225218.0,6.7,6.3,29.9,99.1,4.1,4386.0,38.2,13.6,1.7,42.4,Collin County
48085031681,48085,,,,,,,,,134583.0,0.0,4.1,25.8,93.4,1.4,2613.0,81.8,2.6,8.9,43.8,Collin County
48085031682,48085,,,,,,,,,91005.0,7.7,1.4,25.9,88.8,8.4,4349.0,66.9,13.3,2.6,40.5,Collin County
48085031704,48085,0.0,0.0,,,3.2241014799154297,146048.0,25.0,,84946.0,0.9,2.5,26.3,93.0,3.8,3650.0,64.7,14.2,10.7,40.8,Collin County
48085031708,48085,0.0,0.0,,,10.2582496413199,94545.0,17.0,,80902.0,7.7,2.3,24.3,84.9,9.3,3972.0,61.4,14.7,9.8,46.6,Collin County
48085031709,48085,0.0,0.0,0.0,0.0,18.864382918817498,104208.0,76.0,0.0,100875.0,13.6,8.5,27.2,87.1,22.8,5869.0,35.3,21.3,11.2,28.9,Collin County
48085031711,48085,0.0,0.0,,,6.837881219903689,91895.0,21.0,,90461.0,5.8,6.5,27.2,92.8,7.9,3532.0,62.9,18.7,7.0,42.7,Collin County
48085031713,48085,0.0,0.0,,,9.75440222428174,85847.0,71.0,,60927.0,18.8,8.3,25.2,80.6,24.1,5129.0,37.5,21.7,27.6,29.6,Collin County
48085031715,48085,0.0,0.0,44.4109982055313,2.48028630121324,3.58318098720293,165483.0,10.0,1.24280326910641,139306.0,5.3,3.2,25.6,94.5,7.8,2736.0,79.1,3.9,3.3,45.7,Collin County
48085031716,48085,0.0,0.0,4.94855772703886,0.0306412242935039,3.79799666110184,103958.0,12.0,0.0,92853.0,6.0,4.7,24.1,92.5,9.8,3004.0,62.3,10.3,11.1,44.0,Collin County
48085031717,48085,0.0,0.0,,,11.35477582846,104375.0,49.0,,70607.0,17.6,4.2,22.7,87.2,18.0,2001.0,56.9,15.9,14.3,37.5,Collin County
48085031718,48085,0.0,0.0,,,6.07857672349889,133889.0,15.0,,123056.0,1.5,3.2,27.4,93.6,3.9,2534.0,76.0,6.0,9.7,41.9,Collin County
48085031719,48085,0.0,0.0,,,10.7281823235131,144286.0,23.0,,76985.0,5.3,9.7,22.8,91.6,7.9,1674.0,70.3,4.2,3.5,40.9,Collin County
48085031720,48085,0.0,1.0,,,46.018843524847604,33657.0,253.0,,34004.0,28.3,12.3,22.7,74.1,25.8,2901.0,31.5,14.7,23.5,29.7,Collin County
48085031721,48085,,,,,,,,,100988.0,0.0,1.4,25.8,91.0,3.1,1410.0,79.9,8.5,0.6,45.5,Collin County
48085031722,48085,,,,,,,,,49919.0,10.8,3.5,25.1,87.3,12.8,2669.0,34.4,33.5,23.5,31.1,Collin County
48085031723,48085,,,,,,,,,50769.0,13.1,3.5,23.4,74.7,12.3,3961.0,22.3,23.1,50.0,31.7,Collin County
48085031724,48085,,,,,,,,,72619.0,23.8,6.5,24.6,72.3,22.0,2394.0,43.0,24.6,23.6,39.1,Collin County
48085031806,48085,0.0,0.0,,,21.3640922768305,81250.0,7.0,,79179.0,0.7,3.4,22.1,94.1,16.1,3262.0,28.0,26.8,6.0,27.3,Collin County
48085031807,48085,0.0,0.0,50.733288678910306,5.21391726739708,7.68407534246575,101579.0,71.0,3.01887933085371,79776.0,3.6,6.4,28.3,94.3,6.1,4499.0,84.5,0.8,5.2,52.9,Collin County
48085031808,48085,,,,,,,,,128563.0,3.4,7.2,24.0,95.1,4.4,3345.0,87.9,0.2,8.3,48.5,Collin County
48085031809,48085,,,,,,,,,70425.0,13.3,5.6,14.3,55.3,18.5,2548.0,35.1,25.5,25.6,31.8,Collin County
48085031810,48085,,,,,,,,,75994.0,15.1,0.6,17.2,81.8,13.3,1617.0,41.0,5.3,35.7,37.1,Collin County
48085031811,48085,,,,,,,,,78823.0,3.7,5.0,22.5,85.5,15.8,1920.0,57.9,5.5,2.6,31.5,Collin County
48085031812,48085,,,,,,,,,107083.0,1.3,0.0,23.8,98.9,1.8,1954.0,70.7,0.0,2.1,75.1,Collin County
48085031813,48085,,,,,,,,,11453.0,73.2,8.7,16.3,90.9,80.4,4083.0,33.4,7.0,6.4,20.6,Collin County
48085031814,48085,,,,,,,,,111645.0,3.1,1.6,22.4,91.7,6.5,1807.0,70.2,8.7,9.5,46.1,Collin County
48085031815,48085,,,,,,,,,96591.0,4.6,4.8,26.9,87.5,7.1,4416.0,70.9,13.0,3.7,34.0,Collin County
48085031816,48085,,,,,,,,,117917.0,11.4,5.0,24.2,95.4,12.4,3091.0,58.1,5.3,7.2,39.5,Collin County
48085031901,48085,,,,,,,,,58088.0,16.3,6.2,19.7,81.6,17.3,2837.0,46.0,23.6,14.3,32.9,Collin County
48085031902,48085,,,,,,,,,64347.0,10.8,6.8,21.5,66.7,12.6,3832.0,51.4,19.9,19.3,29.1,Collin County
48085031903,48085,,,,,,,,,81779.0,5.5,4.1,13.9,90.1,12.1,1211.0,43.0,23.1,19.5,33.0,Collin County
48085031904,48085,,,,,,,,,75993.0,6.6,4.5,17.0,93.5,10.9,3280.0,44.9,10.9,15.3,28.5,Collin County
48085032003,48085,0.0,1.0,,,25.312717164697702,51583.0,166.0,,48796.0,23.1,1.7,20.4,63.9,23.7,5753.0,53.9,3.9,39.9,38.2,Collin County
48085032008,48085,0.0,0.0,11.637195053484401,0.679564807160506,7.79040111291444,88257.0,24.0,0.00824888177120533,95789.0,0.8,3.2,26.7,81.4,4.0,4114.0,70.1,6.5,9.3,41.2,Collin County
48085032010,48085,0.0,1.0,,,18.4301521438451,59625.0,163.0,,77430.0,10.5,2.7,28.9,68.1,13.6,6880.0,40.6,11.5,23.3,29.9,Collin County
48085032012,48085,0.0,1.0,,,14.741896758703499,54219.0,50.0,,57093.0,15.1,2.3,24.7,78.8,20.9,3354.0,62.6,6.6,27.4,35.8,Collin County
48085032013,48085,0.0,0.0,1.37906926422053,0.390255533074351,12.521877486078,70156.0,50.0,0.07408937111155689,75114.0,15.0,4.1,27.6,79.2,16.3,6393.0,44.7,17.2,12.7,32.2,Collin County
48085032014,48085,,,,,,,,,85469.0,18.6,3.3,26.8,70.9,13.6,5313.0,49.1,3.0,46.2,31.3,Collin County
48085032015,48085,,,,,,,,,77426.0,2.5,5.1,25.7,95.4,4.2,2045.0,70.4,11.6,10.5,41.8,Collin County
48085032016,48085,,,,,,,,,175849.0,4.9,3.8,27.3,92.3,2.7,2148.0,32.4,9.7,0.0,40.4,Collin County
48085032017,48085,,,,,,,,,104476.0,2.1,8.3,18.9,83.6,5.0,5349.0,44.8,9.2,2.1,40.9,Collin County
48085032018,48085,,,,,,,,,114605.0,1.1,2.0,22.5,95.5,7.7,3548.0,66.7,13.5,2.3,47.9,Collin County
48113000100,48113,0.0,0.0,0.590535921775721,0.0861579286067912,5.63881127762256,187604.0,9.0,0.0,138875.0,0.0,0.6,20.6,97.8,3.5,3994.0,77.8,6.7,8.0,37.8,Dallas County
48113000201,48113,0.0,0.0,,,2.76466621712744,225179.0,23.0,,188144.0,1.9,1.9,24.0,98.5,3.0,2872.0,95.1,2.1,1.2,40.1,Dallas County
48113000202,48113,0.0,0.0,,,4.97083439005833,127500.0,30.0,,147375.0,0.9,0.5,21.9,96.1,7.1,3817.0,82.3,4.6,4.6,32.3,Dallas County
48113000300,48113,0.0,0.0,,,7.75230441975892,172868.0,0.0,,95671.0,1.9,3.7,21.3,87.8,9.4,4325.0,84.5,3.5,4.4,31.1,Dallas County
48113000401,48113,0.0,1.0,,,31.533674963396802,52170.0,221.0,,55685.0,10.2,3.1,20.9,73.9,23.9,4649.0,48.5,23.9,14.6,30.3,Dallas County
48113000405,48113,0.0,0.0,,,26.054955839057897,43463.0,104.0,,59432.0,7.4,9.0,19.8,68.6,12.9,1971.0,42.9,43.8,5.9,30.4,Dallas County
48113000407,48113,,,,,,,,,50447.0,14.4,4.2,22.8,79.9,13.4,2187.0,66.5,9.1,9.7,33.0,Dallas County
48113000408,48113,,,,,,,,,69705.0,3.8,5.5,22.7,86.6,9.5,2301.0,59.0,6.6,18.0,32.3,Dallas County
48113000409,48113,,,,,,,,,69292.0,8.6,5.9,17.1,90.9,16.2,4157.0,43.5,11.7,11.7,30.7,Dallas County
48113000410,48113,,,,,,,,,52868.0,17.3,4.4,24.1,75.4,16.8,4416.0,72.4,2.0,23.8,38.6,Dallas County
48113000501,48113,,,,,,,,,78533.0,0.0,1.2,24.3,94.8,4.2,1945.0,53.9,15.4,7.7,30.3,Dallas County
48113000502,48113,,,,,,,,,115703.0,0.0,0.7,19.6,98.8,11.2,2188.0,81.3,3.7,10.2,50.3,Dallas County
48113000503,48113,,,,,,,,,75613.0,0.0,0.5,22.1,89.3,9.5,2059.0,62.8,14.4,7.5,30.9,Dallas County
48113000605,48113,0.0,0.0,,,5.671524222134701,121984.0,10.0,,109884.0,2.1,3.2,20.4,89.4,4.6,2304.0,67.6,3.0,6.8,44.2,Dallas County
48113000606,48113,0.0,0.0,,,3.0549898167006098,157589.0,0.0,,135379.0,7.1,1.5,21.7,98.6,4.9,3095.0,74.8,6.2,8.2,47.2,Dallas County
48113000607,48113,,,,,,,,,111544.0,0.0,4.6,20.2,88.2,7.0,1877.0,74.9,4.4,8.2,39.2,Dallas County
48113000608,48113,,,,,,,,,113778.0,0.0,8.6,22.2,91.1,12.5,2427.0,66.4,2.2,12.5,38.3,Dallas County
48113000609,48113,,,,,,,,,92083.0,0.0,4.9,25.0,77.3,2.9,1606.0,77.6,10.4,4.9,31.0,Dallas County
48113000610,48113,,,,,,,,,36947.0,15.6,8.7,22.0,75.3,23.9,2401.0,64.2,8.7,26.8,26.0,Dallas County
48113000611,48113,,,,,,,,,66385.0,6.6,6.9,22.4,85.6,14.2,2042.0,69.7,14.8,8.2,31.7,Dallas County
48113000703,48113,,,,,,,,,125208.0,2.1,5.1,19.0,94.3,4.4,2940.0,76.5,8.1,0.5,32.7,Dallas County
48113000704,48113,,,,,,,,,119250.0,0.0,4.3,25.4,98.1,7.3,3406.0,82.7,4.0,5.1,32.5,Dallas County
48113000705,48113,,,,,,,,,111406.0,1.2,3.0,22.2,95.1,10.5,2204.0,80.4,3.4,6.1,36.7,Dallas County
48113000706,48113,,,,,,,,,123889.0,0.0,2.0,22.4,97.3,8.9,2023.0,81.9,5.1,9.9,32.2,Dallas County
48113000801,48113,,,,,,,,,79861.0,13.8,6.0,19.7,75.3,14.7,3874.0,51.4,22.3,19.0,33.4,Dallas County
48113000802,48113,,,,,,,,,75000.0,3.2,8.2,30.6,82.3,6.1,3224.0,49.4,15.8,28.1,27.2,Dallas County
48113000901,48113,,,,,,,,,114244.0,0.0,1.1,23.6,92.1,3.3,2426.0,90.5,1.7,1.3,30.7,Dallas County
48113000902,48113,,,,,,,,,75132.0,30.3,6.0,25.4,89.9,22.4,2575.0,69.2,16.5,10.1,28.3,Dallas County
48113001001,48113,0.0,0.0,,,3.16831683168317,129063.0,32.0,,171000.0,0.0,0.5,24.6,94.7,9.6,1454.0,86.0,2.5,2.1,33.1,Dallas County
48113001002,48113,0.0,0.0,,,6.702702702702699,100583.0,72.0,,131806.0,0.0,4.2,23.4,93.2,4.4,2106.0,65.7,1.0,16.4,31.8,Dallas County
48113001101,48113,0.0,0.0,,,9.08599242833964,107150.0,71.0,,150864.0,2.8,3.1,23.3,86.8,7.8,3597.0,82.6,4.2,5.4,35.0,Dallas County
48113001102,48113,0.0,0.0,,,3.99373531714957,203523.0,26.0,,156852.0,2.1,2.1,22.9,93.7,4.9,2615.0,91.1,0.5,3.9,36.2,Dallas County
48113001202,48113,0.0,0.0,1.2374676001831,0.289238174122654,10.0455397803375,67931.0,149.0,0.0875190208758002,71667.0,0.0,3.9,27.3,85.4,4.4,3744.0,65.4,15.6,13.3,32.3,Dallas County
48113001203,48113,0.0,0.0,,,15.0034891835311,85000.0,50.0,,105208.0,8.2,1.8,29.0,87.4,11.1,1218.0,81.9,0.0,16.7,43.9,Dallas County
48113001204,48113,0.0,1.0,,,20.6031651239176,47538.0,168.0,,66020.0,4.7,11.8,26.2,54.2,7.4,2095.0,70.4,1.0,28.0,29.6,Dallas County
48113001301,48113,0.0,0.0,,,16.1878881987578,84783.0,105.0,,86397.0,1.8,1.6,25.0,88.0,9.7,2626.0,76.4,3.8,12.3,42.5,Dallas County
48113001302,48113,0.0,0.0,,,26.7489711934156,45458.0,228.0,,66615.0,9.0,18.9,25.9,72.1,24.3,2790.0,61.8,29.4,6.2,28.9,Dallas County
48113001400,48113,0.0,0.0,,,19.894319682959,46000.0,297.0,,66652.0,1.9,1.0,23.8,66.7,8.2,3161.0,64.1,14.6,15.8,35.0,Dallas County
48113001502,48113,0.0,0.0,,,28.4036902432206,42188.0,267.0,,49474.0,12.0,0.0,29.8,59.8,20.1,2668.0,55.8,13.0,25.6,40.1,Dallas County
48113001503,48113,0.0,0.0,,,46.1054837582955,26149.0,355.0,,42120.0,0.0,4.0,25.4,77.8,19.2,1545.0,56.8,23.8,8.3,35.7,Dallas County
48113001504,48113,0.0,0.0,,,37.39092495637,49107.0,194.0,,71364.0,22.0,5.9,29.2,79.8,21.5,2713.0,59.7,19.1,11.3,34.5,Dallas County
48113001601,48113,,,,,,,,,45706.0,33.1,10.3,20.9,74.6,27.7,2440.0,31.8,36.2,23.3,29.1,Dallas County
48113001602,48113,,,,,,,,,122663.0,15.1,4.4,24.3,98.1,7.8,2639.0,58.3,22.5,7.3,35.2,Dallas County
48113001703,48113,0.0,0.0,,,9.61848468565287,143690.0,20.0,,107154.0,4.1,1.3,21.5,97.4,13.5,3129.0,79.2,1.9,7.0,29.3,Dallas County
48113001705,48113,,,,,,,,,116178.0,0.0,2.9,22.8,86.7,8.5,2823.0,84.5,7.0,3.3,34.2,Dallas County
48113001801,48113,,,,,,,,,73914.0,0.0,5.5,17.1,84.8,14.2,2460.0,89.8,3.3,4.0,28.1,Dallas County
48113001802,48113,,,,,,,,,100299.0,19.0,5.0,22.9,95.8,8.2,3051.0,77.5,4.0,4.1,28.0,Dallas County
48113001901,48113,,,,,,,,,120350.0,0.0,0.7,19.1,97.8,15.3,3848.0,75.6,3.3,6.9,31.1,Dallas County
48113001902,48113,,,,,,,,,97270.0,4.6,2.1,21.4,94.3,7.4,4667.0,72.8,9.5,5.7,28.0,Dallas County
48113002001,48113,,,,,,,,,58523.0,2.0,11.5,25.4,88.2,5.5,2492.0,50.5,26.0,14.6,32.8,Dallas County
48113002002,48113,,,,,,,,,43118.0,25.0,21.8,38.2,49.8,23.4,2966.0,57.5,8.2,21.8,29.1,Dallas County
48113002100,48113,0.0,0.0,,,16.281221091581898,87115.0,135.0,,98491.0,2.3,2.2,19.6,87.1,10.2,2922.0,59.2,17.1,6.8,33.0,Dallas County
48113002200,48113,0.0,1.0,1.9586550556499198,0.515435525543494,24.4056283357593,63008.0,186.0,0.137349953220839,77961.0,9.3,4.8,19.4,88.9,16.6,2507.0,63.1,22.0,3.6,32.0,Dallas County
48113002400,48113,0.0,1.0,,,25.2593917710197,43375.0,258.0,,59583.0,3.2,5.2,26.6,57.2,10.3,2890.0,47.1,6.3,40.7,37.3,Dallas County
48113002500,48113,1.0,1.0,54.520755206344695,33.4653823220153,37.2074253430186,34875.0,561.0,11.584335162515801,50149.0,16.0,9.5,29.0,71.5,24.3,5602.0,41.7,22.3,32.0,38.1,Dallas County
48113002703,48113,,,,,,,,,30048.0,10.8,11.5,36.4,82.4,16.6,5828.0,25.8,64.5,7.2,32.2,Dallas County
48113003102,48113,,,,,,,,,109875.0,2.9,2.4,21.1,86.6,6.2,1482.0,71.5,11.4,11.3,36.5,Dallas County
48113003103,48113,,,,,,,,,82833.0,17.3,1.4,22.9,81.8,14.3,2781.0,61.7,20.9,7.2,32.4,Dallas County
48113003700,48113,0.0,1.0,0.0,0.0,37.2014696876914,28092.0,468.0,0.0,54427.0,10.5,8.7,29.4,68.2,12.8,3295.0,21.8,64.9,12.4,44.2,Dallas County
48113004201,48113,0.0,1.0,,,18.0756537192181,56979.0,207.0,,76293.0,11.0,5.1,21.1,84.9,12.6,4056.0,72.9,3.9,19.4,38.4,Dallas County
48113004202,48113,0.0,0.0,,,10.3463787674314,69669.0,90.0,,96111.0,4.7,4.2,21.1,85.1,14.5,1825.0,77.2,0.6,11.8,42.1,Dallas County
48113004300,48113,0.0,1.0,,,13.791821561338299,61125.0,75.0,,69670.0,10.3,1.7,23.7,82.7,7.4,5119.0,50.0,23.9,18.2,31.1,Dallas County
48113004400,48113,0.0,0.0,,,9.14119359534207,130750.0,12.0,,142629.0,5.3,3.0,29.4,94.9,5.7,3736.0,73.4,6.7,14.9,46.6,Dallas County
48113004500,48113,0.0,0.0,,,20.2984620070047,54924.0,207.0,,62766.0,19.1,5.5,22.9,62.0,21.5,5734.0,50.4,5.0,42.7,33.4,Dallas County
48113004600,48113,0.0,0.0,,,13.7348124669836,109306.0,155.0,,76717.0,1.9,2.7,23.5,91.5,9.8,1821.0,64.1,15.3,13.9,32.1,Dallas County
48113004700,48113,0.0,0.0,,,28.446455505279,42917.0,140.0,,53512.0,15.8,5.5,23.3,65.1,16.2,2727.0,69.9,2.6,24.6,39.3,Dallas County
48113004800,48113,0.0,1.0,,,27.816627816627797,37404.0,122.0,,55385.0,12.8,1.7,29.4,51.2,15.8,2561.0,58.0,3.7,36.2,35.2,Dallas County
48113005000,48113,0.0,1.0,,,14.8729042725798,59327.0,187.0,,50967.0,14.9,1.1,30.7,64.2,17.4,3372.0,48.2,3.5,42.2,38.5,Dallas County
48113005100,48113,0.0,1.0,,,17.723749119098002,45585.0,101.0,,62213.0,17.9,7.7,24.6,68.2,16.9,2595.0,52.4,1.0,40.1,34.1,Dallas County
48113005200,48113,0.0,0.0,,,13.609223800699999,53250.0,179.0,,86927.0,8.3,8.8,34.7,67.1,9.6,4561.0,65.6,7.6,21.0,29.8,Dallas County
48113005300,48113,0.0,1.0,,,21.0404781309427,50727.0,258.0,,56493.0,17.5,9.3,24.6,66.9,18.3,6606.0,60.7,0.5,34.8,32.3,Dallas County
48113005400,48113,0.0,1.0,,,17.4343172234836,42143.0,489.0,,46671.0,14.1,4.7,20.1,68.5,17.9,5336.0,44.4,21.9,28.3,33.5,Dallas County
48113005500,48113,0.0,1.0,13.1333672388931,9.95441554313507,29.5487627365357,34000.0,479.0,5.80440796553209,59190.0,11.6,4.6,30.8,64.0,20.5,4182.0,33.2,42.4,24.5,38.4,Dallas County
48113005600,48113,0.0,1.0,,,33.0884215860147,38519.0,607.0,,55440.0,22.2,7.1,27.3,68.8,29.3,7850.0,56.3,16.1,26.9,26.6,Dallas County
48113005700,48113,0.0,1.0,,,38.603451696092,32736.0,526.0,,35990.0,26.0,5.8,33.7,70.3,33.9,5299.0,33.4,45.3,20.0,30.2,Dallas County
48113005901,48113,1.0,1.0,16.2809320515487,10.1146862382843,25.524222704266098,39926.0,412.0,1.55841638754539,41207.0,13.7,3.0,27.8,79.6,19.1,5291.0,23.1,48.8,27.3,43.0,Dallas County
48113005902,48113,1.0,1.0,13.807033400976302,11.2676781536573,38.3079235559373,30099.0,453.0,1.9041384181396601,33484.0,28.8,8.7,22.9,78.8,35.3,4786.0,15.3,64.4,18.7,29.1,Dallas County
48113006001,48113,0.0,0.0,,,33.022351797862,40121.0,396.0,,53908.0,26.9,8.5,28.3,66.9,22.1,3680.0,54.6,6.8,37.9,38.2,Dallas County
48113006002,48113,0.0,1.0,,,35.283926852742994,32412.0,559.0,,27745.0,33.2,3.6,23.6,76.4,42.6,6148.0,27.8,60.4,9.5,26.8,Dallas County
48113006100,48113,0.0,0.0,,,30.379746835443,46955.0,383.0,,55583.0,21.5,9.8,27.5,61.2,26.1,4850.0,43.3,37.5,18.6,35.9,Dallas County
48113006200,48113,0.0,1.0,,,31.082466676431803,44508.0,533.0,,48750.0,5.9,8.6,27.1,76.0,6.1,6315.0,37.9,33.8,25.1,32.8,Dallas County
48113006301,48113,0.0,1.0,,,6.52660582056139,59559.0,230.0,,68384.0,5.7,5.4,30.0,75.4,9.8,6208.0,58.1,8.0,29.8,34.3,Dallas County
48113006302,48113,0.0,1.0,,,17.6176593086214,42254.0,219.0,,72361.0,5.1,6.5,31.1,78.7,4.0,4079.0,56.7,3.1,39.3,35.2,Dallas County
48113006401,48113,0.0,1.0,,,27.8701198299188,40000.0,112.0,,65909.0,16.3,2.8,30.2,77.2,17.6,2797.0,52.8,0.9,45.5,37.7,Dallas County
48113006402,48113,0.0,0.0,,,26.9333809608859,44583.0,287.0,,51579.0,11.3,5.0,31.3,67.6,14.3,4995.0,62.6,0.0,35.1,30.5,Dallas County
48113006501,48113,0.0,1.0,,,14.150007089181901,46678.0,238.0,,73534.0,9.8,4.8,27.3,72.0,11.8,5658.0,60.9,1.3,36.8,32.0,Dallas County
48113006502,48113,0.0,1.0,,,11.7204776647501,60078.0,160.0,,74083.0,6.9,6.9,27.8,61.9,7.4,4162.0,50.2,0.1,46.8,31.9,Dallas County
48113006701,48113,,,,,,,,,51578.0,25.2,8.5,26.7,62.1,27.2,4800.0,53.2,1.9,44.5,30.7,Dallas County
48113006702,48113,,,,,,,,,45505.0,18.6,4.6,26.0,65.4,20.7,2425.0,58.1,0.5,36.0,29.7,Dallas County
48113006800,48113,0.0,0.0,,,24.6183953033268,45461.0,330.0,,56310.0,14.6,6.1,25.5,71.2,17.4,5078.0,56.1,7.0,34.7,38.4,Dallas County
48113006900,48113,0.0,1.0,,,42.559456398641,44028.0,373.0,,63479.0,6.8,3.2,20.6,60.8,11.2,3837.0,67.3,11.4,15.9,31.6,Dallas County
48113007101,48113,0.0,0.0,,,10.8537108537109,176125.0,23.0,,127629.0,16.2,0.7,19.2,94.2,14.4,2136.0,89.3,0.8,1.6,34.4,Dallas County
48113007102,48113,0.0,1.0,0.0433399621287116,0.012901780834510601,12.2115209885517,63331.0,255.0,0.00311867911338614,73940.0,2.4,1.2,21.1,85.4,3.5,4800.0,51.4,27.6,12.2,46.3,Dallas County
48113007203,48113,,,,,,,,,47869.0,18.8,1.9,24.7,46.0,25.8,3512.0,44.2,7.1,45.2,32.4,Dallas County
48113007204,48113,,,,,,,,,43323.0,28.7,15.7,28.5,46.6,28.4,4326.0,29.8,6.6,61.7,27.3,Dallas County
48113007205,48113,,,,,,,,,42075.0,18.5,8.5,27.4,43.2,21.3,4947.0,40.7,4.2,54.8,27.5,Dallas County
48113007206,48113,,,,,,,,,43292.0,49.3,4.3,32.4,33.8,43.9,3244.0,43.2,0.6,55.6,28.1,Dallas County
48113007302,48113,0.0,0.0,,,5.11874567673507,132794.0,75.0,,205643.0,4.6,4.2,23.6,93.0,5.2,3973.0,88.1,4.6,3.2,40.1,Dallas County
48113007601,48113,0.0,0.0,98.7991918072639,18.9791747122477,2.4961793173713698,168542.0,21.0,4.15431251205242,173015.0,3.8,0.5,17.9,95.4,5.2,1745.0,87.0,0.0,4.2,48.7,Dallas County
48113007605,48113,0.0,0.0,12.026366048663201,0.911388530459482,3.65373805508713,213750.0,0.0,0.272143437737833,203839.0,5.4,4.6,16.5,96.3,5.8,1605.0,83.1,0.0,2.6,54.0,Dallas County
48113007701,48113,,,,,,,,,98214.0,8.8,0.0,15.7,93.5,11.3,1971.0,87.0,1.2,1.5,64.5,Dallas County
48113007702,48113,,,,,,,,,106023.0,10.7,1.4,19.9,99.0,8.4,3252.0,98.8,0.0,0.5,59.9,Dallas County
48113007801,48113,0.0,0.0,,,7.5177304964539005,203229.0,8.0,,88166.0,3.2,7.9,16.8,94.9,5.7,2315.0,92.2,2.7,1.5,61.4,Dallas County
48113007805,48113,0.0,0.0,0.0444626120912703,0.0021204226717412298,13.525423728813598,101394.0,223.0,0.0,58750.0,0.0,5.6,24.8,89.4,10.8,2509.0,66.3,13.7,18.1,53.9,Dallas County
48113007809,48113,0.0,0.0,0.0,0.0,15.081470253884,85956.0,144.0,0.0,85045.0,3.7,6.7,25.7,81.3,9.3,3138.0,59.8,10.5,15.4,41.7,Dallas County
48113007810,48113,0.0,0.0,,,16.3899072676299,102500.0,188.0,,81393.0,13.1,4.2,25.3,80.9,16.9,4219.0,51.8,15.5,13.7,38.7,Dallas County
48113007812,48113,0.0,0.0,11.8101104668794,0.350795364428034,1.88271604938272,222880.0,0.0,0.0,205023.0,1.2,1.9,22.2,98.3,2.9,2780.0,86.5,1.8,4.6,45.9,Dallas County
48113007815,48113,0.0,0.0,0.0,0.0,40.9953455066237,32885.0,545.0,0.0,39367.0,10.7,4.9,23.6,58.3,12.7,5044.0,16.3,28.5,11.8,28.3,Dallas County
48113007819,48113,0.0,0.0,,,22.0100045475216,30854.0,203.0,,42658.0,11.6,2.4,29.0,65.8,18.7,2311.0,37.6,22.1,35.2,33.0,Dallas County
48113007821,48113,0.0,0.0,,,29.6719681908549,33142.0,344.0,,40454.0,22.0,3.4,26.9,56.0,20.2,3637.0,15.0,27.6,41.6,30.0,Dallas County
48113007822,48113,0.0,0.0,,,12.619926199262,71615.0,33.0,,81518.0,5.8,4.3,20.6,96.0,9.2,1932.0,48.1,31.5,11.7,30.7,Dallas County
48113007823,48113,0.0,1.0,,,31.2621359223301,41429.0,91.0,,68528.0,3.5,4.1,23.1,76.1,6.2,2695.0,42.0,30.4,14.5,31.9,Dallas County
48113007824,48113,0.0,0.0,,,1.67386609071274,173576.0,0.0,,211458.0,4.2,1.6,24.7,89.2,5.2,1852.0,83.7,0.6,13.2,41.6,Dallas County
48113007825,48113,0.0,0.0,,,11.827393431167001,70944.0,374.0,,67043.0,0.0,3.7,25.2,76.9,3.5,4917.0,52.0,23.5,21.8,44.7,Dallas County
48113007826,48113,0.0,0.0,,,6.18034447821682,89028.0,9.0,,58000.0,7.8,1.4,23.2,96.3,6.9,1340.0,54.2,27.4,12.1,29.6,Dallas County
48113007827,48113,0.0,1.0,,,17.9256594724221,32688.0,181.0,,51237.0,11.5,10.4,24.8,71.6,17.0,2905.0,41.7,38.7,15.1,31.3,Dallas County
48113007828,48113,,,,,,,,,53991.0,13.7,3.5,31.3,66.7,11.4,4912.0,15.7,61.2,13.1,35.0,Dallas County
48113007829,48113,,,,,,,,,58816.0,14.9,25.8,24.4,79.3,17.2,2507.0,13.5,68.6,17.9,35.3,Dallas County
48113007830,48113,,,,,,,,,40490.0,38.7,2.0,28.3,67.8,43.0,3026.0,33.1,21.2,41.6,27.2,Dallas County
48113007831,48113,,,,,,,,,45652.0,0.7,6.0,31.3,51.1,9.7,2350.0,26.4,53.7,15.7,32.6,Dallas County
48113007832,48113,,,,,,,,,41128.0,33.2,0.7,30.1,52.8,30.0,2551.0,24.8,19.0,26.0,29.6,Dallas County
48113007833,48113,,,,,,,,,32520.0,46.3,2.7,43.1,49.2,46.3,2887.0,17.0,16.7,63.3,24.8,Dallas County
48113007834,48113,,,,,,,,,40203.0,25.7,3.8,24.6,82.2,18.7,2416.0,22.8,66.6,9.4,33.9,Dallas County
48113007835,48113,,,,,,,,,52093.0,13.8,2.3,28.1,70.5,14.7,2661.0,51.6,38.4,6.9,37.7,Dallas County
48113007902,48113,0.0,0.0,2.11852516064703,0.14816853805241498,6.850393700787399,138125.0,51.0,0.430702140529566,113555.0,2.3,3.1,26.4,89.9,4.7,5077.0,83.3,5.1,5.6,37.5,Dallas County
48113007903,48113,0.0,0.0,,,7.2429906542056095,147639.0,5.0,,136316.0,0.9,0.6,21.4,93.7,2.9,1958.0,79.5,6.2,9.7,37.1,Dallas County
48113007906,48113,0.0,0.0,,,1.83968462549277,237847.0,0.0,,154792.0,3.4,2.6,14.6,97.3,7.8,2155.0,93.2,1.0,1.4,50.3,Dallas County
48113007909,48113,0.0,0.0,,,19.2786603692572,73321.0,22.0,,68914.0,1.6,3.7,24.1,88.5,12.9,2205.0,40.6,15.0,10.8,30.1,Dallas County
48113007910,48113,0.0,0.0,,,18.327526132404202,68617.0,50.0,,63067.0,0.0,4.6,21.7,91.9,11.9,2940.0,50.4,8.7,18.3,30.1,Dallas County
48113007912,48113,0.0,0.0,,,8.13099943534726,106009.0,22.0,,66635.0,0.0,6.0,20.9,89.6,4.7,2188.0,58.3,14.5,6.5,28.6,Dallas County
48113007913,48113,0.0,0.0,,,7.645369705671209,98021.0,111.0,,71494.0,3.0,1.3,19.9,97.1,8.1,2669.0,70.0,11.1,5.8,33.8,Dallas County
48113007914,48113,0.0,0.0,,,22.4049331963001,97463.0,35.0,,68648.0,9.4,10.3,18.9,88.1,31.3,3876.0,53.4,19.7,5.6,26.6,Dallas County
48113007915,48113,,,,,,,,,70917.0,5.3,2.8,19.7,94.9,8.0,1596.0,73.3,9.5,8.2,30.4,Dallas County
48113007916,48113,,,,,,,,,91328.0,2.1,3.7,26.0,94.3,5.5,1359.0,62.1,15.8,7.1,29.4,Dallas County
48113008000,48113,0.0,0.0,25.9942386731991,0.9730799377849499,1.9943422913719902,196365.0,49.0,0.289330830098108,244010.0,0.0,2.7,25.4,99.4,0.4,7316.0,91.4,0.5,2.6,39.5,Dallas County
48113008101,48113,,,,,,,,,62654.0,0.0,2.7,24.9,82.7,11.0,1626.0,87.5,8.8,0.0,51.9,Dallas County
48113008102,48113,,,,,,,,,171534.0,2.2,2.3,23.7,97.3,4.1,4068.0,79.9,6.2,9.8,44.3,Dallas County
48113008200,48113,0.0,0.0,,,8.02348336594912,77292.0,83.0,,84650.0,0.0,1.8,24.1,94.6,0.5,3777.0,73.5,10.7,14.0,37.8,Dallas County
48113008401,48113,,,,,,,,,45707.0,14.1,1.5,32.0,74.9,13.8,5200.0,48.4,1.8,47.1,29.7,Dallas County
48113008402,48113,,,,,,,,,61174.0,10.2,7.4,25.8,59.2,16.0,3678.0,70.8,8.5,18.2,43.5,Dallas County
48113008500,48113,1.0,1.0,26.6608275544104,16.3353527115442,27.159023228112,51417.0,307.0,0.63096853977471,51875.0,7.1,1.8,31.1,72.5,13.5,4086.0,58.8,6.5,33.6,39.4,Dallas County
48113008604,48113,1.0,1.0,99.99999805514909,73.6645380884341,52.463382157123796,30035.0,524.0,22.4022443536366,28333.0,33.0,10.1,35.3,72.5,39.1,2590.0,14.2,66.1,16.0,27.7,Dallas County
48113008701,48113,1.0,1.0,86.0427212662228,70.1807142025114,39.5991983967936,25135.0,922.0,28.776594381076297,22256.0,46.8,8.6,30.2,72.2,51.5,5337.0,7.1,75.9,16.5,26.2,Dallas County
48113008703,48113,0.0,1.0,0.384349346253192,0.20621262037887902,42.383662537663206,30726.0,331.0,0.0204303216146813,46477.0,29.3,11.3,27.1,64.9,27.5,3855.0,22.3,36.2,40.2,31.3,Dallas County
48113008704,48113,0.0,1.0,,,37.2691807542263,26683.0,690.0,,16720.0,44.5,2.5,29.4,75.1,44.9,4301.0,28.9,61.5,9.5,33.1,Dallas County
48113008705,48113,0.0,1.0,6.94070745653078,2.2874060214946,17.882187938288897,37034.0,162.0,0.503485926974303,38438.0,28.4,9.8,31.0,69.0,41.3,1653.0,15.8,44.5,39.6,34.3,Dallas County
48113008801,48113,0.0,1.0,14.132968367839299,7.27856345160629,19.3537414965986,46071.0,255.0,4.36467901853924,33571.0,13.7,5.6,33.0,78.4,23.1,2703.0,9.5,70.2,19.0,48.8,Dallas County
48113008802,48113,1.0,1.0,13.75145903469,10.673893826126001,38.6214209968187,28559.0,658.0,0.49008724866695497,31114.0,22.7,6.5,39.9,77.4,25.0,5337.0,6.3,60.7,31.6,37.8,Dallas County
48113009001,48113,,,,,,,,,56924.0,15.0,4.3,28.6,63.7,19.3,5791.0,31.8,22.1,46.1,24.7,Dallas County
48113009002,48113,,,,,,,,,44875.0,20.9,9.4,33.7,55.7,18.7,4556.0,36.2,16.2,42.9,32.7,Dallas County
48113009101,48113,0.0,1.0,3.00252274842769,1.31552471064246,26.787168213646,51288.0,320.0,0.180442365602619,47946.0,20.3,0.0,34.8,68.4,17.3,5572.0,35.6,22.8,40.1,38.9,Dallas County
48113009103,48113,0.0,1.0,,,31.032637774210798,39223.0,168.0,,47891.0,27.9,5.9,41.1,67.4,33.2,3538.0,42.4,28.1,27.2,29.7,Dallas County
48113009104,48113,0.0,1.0,,,21.4730032346355,56250.0,200.0,,67757.0,12.1,0.5,31.2,52.7,15.6,3653.0,39.1,11.8,48.3,31.3,Dallas County
48113009105,48113,0.0,0.0,,,25.0736672917225,47958.0,268.0,,60815.0,22.2,1.2,35.1,65.7,28.8,3715.0,61.2,11.8,26.4,33.8,Dallas County
48113009202,48113,0.0,1.0,,,26.5440406759384,37284.0,348.0,,45580.0,32.1,4.5,33.9,59.4,36.0,5889.0,45.3,17.6,36.0,27.0,Dallas County
48113009203,48113,,,,,,,,,53942.0,22.9,2.1,33.9,61.8,21.3,4409.0,50.0,3.1,44.9,30.0,Dallas County
48113009204,48113,,,,,,,,,47620.0,11.0,1.1,33.3,59.3,16.7,2545.0,39.1,20.5,39.1,36.0,Dallas County
48113009301,48113,0.0,1.0,,,20.2324252238522,52733.0,232.0,,62063.0,12.9,6.5,36.9,54.2,12.6,5491.0,40.1,12.2,45.1,31.2,Dallas County
48113009303,48113,1.0,1.0,37.7187322884223,25.508366832170697,22.4232325636753,40057.0,254.0,0.187071983760802,50330.0,15.5,0.6,36.8,73.8,19.5,4164.0,51.7,12.5,34.8,27.1,Dallas County
48113009304,48113,1.0,1.0,45.500577184521,34.3396365404749,54.80464625132,21577.0,1110.0,10.1144266188997,28765.0,44.1,11.6,28.1,71.0,47.7,8451.0,16.8,55.9,24.7,18.7,Dallas County
48113009401,48113,0.0,0.0,,,9.988584474885839,79662.0,106.0,,84337.0,12.7,0.7,27.8,83.3,10.5,3312.0,46.5,3.4,40.4,43.3,Dallas County
48113009402,48113,0.0,0.0,0.0610925989126979,0.006346512776678299,5.83053691275168,158531.0,9.0,0.0,178603.0,0.8,3.8,19.7,97.2,2.2,2374.0,90.7,0.5,3.3,42.3,Dallas County
48113009500,48113,0.0,0.0,16.969424300476,0.802409557379454,3.32299512627382,192050.0,18.0,0.0,199750.0,2.5,5.1,19.7,94.9,5.4,2097.0,77.5,3.2,9.2,51.1,Dallas County
48113009603,48113,0.0,0.0,25.2946340346831,2.66181002709383,1.68776371308017,162422.0,11.0,0.0,141643.0,0.8,7.3,21.6,90.2,5.2,4997.0,68.0,2.4,18.1,43.3,Dallas County
48113009604,48113,0.0,0.0,,,6.15983512708954,71474.0,50.0,,46913.0,19.8,0.0,20.4,91.1,14.7,4489.0,74.9,14.4,7.6,51.1,Dallas County
48113009605,48113,0.0,0.0,,,3.52155434122647,58317.0,61.0,,76735.0,0.0,7.1,23.4,61.1,2.5,3506.0,31.4,14.9,46.8,30.0,Dallas County
48113009607,48113,0.0,0.0,,,3.51274787535411,113097.0,32.0,,133929.0,0.0,4.6,22.0,87.5,1.2,3522.0,70.8,0.7,21.1,36.4,Dallas County
48113009608,48113,0.0,0.0,,,3.0529781502544098,130125.0,18.0,,133000.0,0.0,3.8,24.8,86.7,0.9,3010.0,83.1,0.4,4.7,39.4,Dallas County
48113009609,48113,0.0,0.0,4.56913362774584,0.46957608519329,1.50350818576679,146726.0,0.0,0.375209372022967,183913.0,1.1,2.9,22.5,96.8,1.4,3357.0,80.8,2.9,4.5,42.8,Dallas County
48113009610,48113,0.0,1.0,,,30.387409200968502,31439.0,277.0,,50948.0,18.2,3.0,26.7,36.8,16.9,4886.0,41.9,0.0,55.9,26.7,Dallas County
48113009611,48113,0.0,1.0,,,9.66921119592875,55139.0,78.0,,96759.0,6.4,11.9,31.6,74.7,8.3,3618.0,61.1,4.3,24.3,40.5,Dallas County
48113009701,48113,0.0,0.0,,,11.3879003558719,66393.0,140.0,,76892.0,20.1,7.4,23.4,55.6,22.8,4919.0,50.5,2.4,45.4,33.4,Dallas County
48113009702,48113,0.0,0.0,,,5.12738853503185,138654.0,16.0,,155208.0,3.5,3.2,20.5,89.7,3.2,2944.0,80.8,0.9,16.3,39.0,Dallas County
48113009802,48113,0.0,0.0,,,10.5296442687747,51403.0,258.0,,54850.0,10.3,3.8,26.4,59.1,11.8,5673.0,38.3,3.0,58.2,32.8,Dallas County
48113009803,48113,0.0,1.0,,,11.5156646909399,62596.0,68.0,,78088.0,2.6,3.2,23.9,67.0,4.2,2248.0,54.2,5.3,39.1,34.3,Dallas County
48113009804,48113,0.0,1.0,,,28.666166166166203,38914.0,504.0,,41088.0,23.2,3.3,27.0,45.2,28.4,7341.0,48.5,1.2,48.5,24.3,Dallas County
48113009900,48113,1.0,1.0,57.53474805869801,18.6053440427352,11.314655172413799,60268.0,113.0,2.53910252643803,77196.0,0.7,3.8,22.0,67.8,5.6,6024.0,32.5,22.3,21.6,30.9,Dallas County
48113010001,48113,,,,,,,,,33611.0,22.9,35.1,24.7,73.9,23.5,2124.0,41.0,48.3,9.1,34.5,Dallas County
48113010003,48113,,,,,,,,,88428.0,4.9,5.9,24.7,83.5,25.2,3702.0,58.3,20.4,11.3,31.2,Dallas County
48113010101,48113,0.0,1.0,3.88866107158279,2.9417104368866,31.1014263074485,38368.0,564.0,0.09156003781641149,39436.0,22.7,11.7,24.5,56.2,23.4,4212.0,32.8,34.2,29.1,29.9,Dallas County
48113010102,48113,0.0,1.0,0.0,0.0,20.410188554416102,42470.0,126.0,0.0,55667.0,14.8,5.6,26.1,74.2,16.5,3177.0,47.2,2.6,50.0,33.1,Dallas County
48113010500,48113,1.0,1.0,99.99999948381159,68.5698968175269,24.5283018867925,37168.0,171.0,5.0087250026386805,53608.0,31.8,8.7,23.2,57.9,34.6,3280.0,57.7,20.6,20.5,27.9,Dallas County
48113010601,48113,1.0,1.0,99.9999991967119,51.785339522803795,15.607779578606202,42431.0,226.0,6.53550856177311,60069.0,19.4,8.7,26.9,69.1,18.3,5551.0,59.6,2.5,37.3,34.7,Dallas County
48113010602,48113,1.0,1.0,99.9999999302684,69.102478080377,39.888194672805,30462.0,304.0,13.8871550032433,35541.0,27.3,7.0,24.3,74.9,23.9,2932.0,40.4,31.4,28.1,27.0,Dallas County
48113010701,48113,0.0,1.0,9.86555652255625,5.62810809536022,29.802158273381302,41629.0,341.0,0.510094048766865,51221.0,25.4,11.2,27.6,67.0,31.6,6037.0,39.3,11.7,42.2,26.9,Dallas County
48113010704,48113,0.0,1.0,1.1194336232575102,0.454082467734215,36.5786070570848,32421.0,521.0,0.0619782565089498,34613.0,44.7,9.9,24.4,70.7,47.0,6331.0,29.6,35.5,32.8,24.2,Dallas County
48113010804,48113,1.0,1.0,20.9245284577309,14.834536351045498,39.1777286135693,33588.0,575.0,3.3410388908953004,34600.0,23.4,8.7,26.4,65.1,34.8,4980.0,44.8,34.3,20.9,27.0,Dallas County
48113010805,48113,0.0,1.0,0.21344553241803302,0.121612996750867,18.6415220293725,55946.0,340.0,0.0059481722067084705,56000.0,15.8,2.7,29.3,70.8,17.7,5260.0,43.2,29.2,26.4,33.1,Dallas County
48113010806,48113,,,,,,,,,111667.0,8.7,2.6,29.0,84.6,12.4,3812.0,39.6,21.3,29.8,40.9,Dallas County
48113010807,48113,,,,,,,,,67135.0,22.2,3.4,21.6,71.2,30.5,4835.0,21.7,42.6,35.7,28.8,Dallas County
48113010808,48113,,,,,,,,,43622.0,15.2,1.8,26.9,86.3,14.9,3305.0,53.4,22.6,24.0,31.2,Dallas County
48113010809,48113,,,,,,,,,47381.0,15.6,7.8,23.8,71.2,17.7,5574.0,38.2,22.9,28.0,35.9,Dallas County
48113010903,48113,1.0,1.0,35.9340751104792,20.438791406704702,23.078940466824,35354.0,335.0,4.0384323328417,34248.0,24.4,6.8,23.7,77.2,25.8,3975.0,7.5,66.3,20.6,28.5,Dallas County
48113010904,48113,1.0,1.0,51.732804596138,31.8731474635923,41.107124551512,25760.0,445.0,6.9410911423039705,45412.0,21.3,8.5,29.0,80.4,20.0,4264.0,5.8,84.6,7.2,25.8,Dallas County
48113010905,48113,,,,,,,,,36219.0,36.5,4.8,22.7,88.4,43.2,3502.0,2.9,94.3,2.9,22.7,Dallas County
48113010906,48113,,,,,,,,,52175.0,6.0,6.5,28.4,66.9,13.0,3666.0,26.9,47.0,26.1,34.6,Dallas County
48113011002,48113,0.0,1.0,,,28.4940411700975,48684.0,236.0,,71979.0,15.9,3.6,29.1,85.8,9.9,3707.0,20.7,69.2,6.2,47.5,Dallas County
48113011003,48113,,,,,,,,,56324.0,23.5,4.2,35.5,86.6,34.2,4771.0,27.4,53.6,18.7,49.3,Dallas County
48113011004,48113,,,,,,,,,55891.0,23.7,0.0,30.4,84.0,25.5,2529.0,16.5,50.6,32.3,41.9,Dallas County
48113011101,48113,0.0,1.0,0.00436467907320207,0.00183704127932621,16.4537444933921,58816.0,176.0,0.000236258193418095,68684.0,7.3,4.4,26.7,74.9,17.2,4682.0,13.7,70.0,16.3,47.0,Dallas County
48113011103,48113,0.0,1.0,3.3711155610696903,2.00816990314529,30.5383936451898,42137.0,194.0,0.385274893293778,40371.0,15.2,2.9,29.9,69.8,23.6,3442.0,37.2,41.2,20.3,41.0,Dallas County
48113011104,48113,0.0,1.0,10.9694793059394,6.17061203224906,38.759875508738304,38107.0,405.0,0.212545674359213,34368.0,16.3,8.2,24.8,74.8,26.7,4620.0,23.4,55.5,20.4,42.9,Dallas County
48113011105,48113,1.0,1.0,75.5548540535181,52.8443908871372,30.0896020004168,34489.0,502.0,5.8452506757996705,39618.0,25.8,2.6,25.7,71.7,34.1,5586.0,29.2,49.3,21.5,28.5,Dallas County
48113011201,48113,,,,,,,,,56824.0,17.7,5.8,35.2,81.9,19.4,4346.0,15.7,60.9,20.6,29.4,Dallas County
48113011202,48113,,,,,,,,,58975.0,2.1,5.4,31.2,91.1,4.0,2381.0,12.5,72.6,14.9,39.9,Dallas County
48113011300,48113,1.0,1.0,49.6296527968286,27.761124923183502,24.0366972477064,44711.0,389.0,5.75195721266978,51456.0,13.0,8.4,28.0,77.5,18.1,5698.0,15.0,74.1,10.5,40.1,Dallas County
48113011401,48113,0.0,1.0,1.5578100035454698,1.11798570159541,46.0876525915549,27646.0,940.0,0.140737725581976,34286.0,38.5,2.5,26.9,80.8,44.5,5718.0,9.2,74.6,7.9,22.8,Dallas County
48113011500,48113,1.0,1.0,85.3710751741343,64.6091608596149,34.2265529841657,28587.0,420.0,13.868856112272402,26725.0,36.3,6.2,31.0,57.3,38.8,4907.0,29.8,36.4,33.7,22.4,Dallas County
48113011601,48113,1.0,1.0,17.14007051374,12.6700950434079,33.492822966507205,34190.0,439.0,2.1155483239052497,43255.0,36.2,9.9,36.3,62.5,32.9,4526.0,39.3,35.2,21.8,33.5,Dallas County
48113011603,48113,,,,,,,,,69833.0,17.2,5.3,36.8,63.5,19.0,3609.0,38.8,6.9,40.6,27.5,Dallas County
48113011604,48113,,,,,,,,,54631.0,20.2,1.0,34.0,72.1,27.8,3686.0,49.4,9.8,38.4,30.4,Dallas County
48113011701,48113,0.0,1.0,,,29.1406844106464,40674.0,444.0,,51089.0,17.7,5.1,31.7,64.2,19.7,6712.0,50.4,13.6,34.8,27.7,Dallas County
48113011702,48113,1.0,1.0,13.0646240578701,8.38695204980187,38.40371081254,42500.0,390.0,0.302456042218775,52598.0,10.1,1.8,35.1,67.7,11.9,5743.0,44.9,6.9,46.6,27.8,Dallas County
48113011801,48113,,,,,,,,,53532.0,11.1,1.4,41.5,74.6,16.5,4970.0,47.6,29.3,23.1,30.2,Dallas County
48113011802,48113,,,,,,,,,69323.0,18.7,3.7,32.1,81.3,20.8,4548.0,70.8,5.1,22.6,21.1,Dallas County
48113011901,48113,,,,,,,,,54819.0,20.4,5.3,40.2,63.1,23.9,3939.0,52.9,16.8,26.5,27.9,Dallas County
48113011902,48113,,,,,,,,,62286.0,21.9,1.6,31.3,72.5,27.2,4415.0,49.8,7.5,38.2,31.5,Dallas County
48113012000,48113,1.0,1.0,76.5834157902722,55.119067585958604,24.1790677653425,34158.0,684.0,8.986521648294191,37716.0,30.3,0.4,37.8,65.1,31.7,10373.0,35.4,32.5,31.0,24.6,Dallas County
48113012101,48113,,,,,,,,,46792.0,18.0,5.0,31.6,69.2,23.8,3039.0,32.1,50.8,17.1,30.5,Dallas County
48113012102,48113,,,,,,,,,53068.0,16.4,2.2,27.6,78.2,16.9,3184.0,29.2,34.9,33.1,31.1,Dallas County
48113012206,48113,1.0,1.0,54.229140669374395,21.9213473640714,21.8942901234568,56250.0,301.0,4.61301311175729,82659.0,5.9,3.6,31.9,84.2,9.1,5607.0,31.0,45.9,20.4,42.8,Dallas County
48113012207,48113,0.0,1.0,1.94017960890039,1.02246430018996,25.0031810662934,43802.0,468.0,0.168610050394926,49022.0,6.8,11.4,29.5,63.1,15.7,7224.0,24.6,39.6,32.3,33.7,Dallas County
48113012208,48113,0.0,1.0,9.65971426091501,7.10870044781346,37.315088757396396,27774.0,413.0,3.65296068676015,32262.0,24.9,8.0,38.0,64.7,29.8,2611.0,35.7,37.6,25.1,29.0,Dallas County
48113012209,48113,0.0,0.0,32.5822948355817,4.94978946618656,15.0505050505051,85556.0,105.0,0.9171823279133859,91989.0,10.6,1.2,32.1,80.5,14.4,2306.0,61.6,15.6,19.9,38.9,Dallas County
48113012210,48113,1.0,1.0,38.280515180999,31.241699826879298,28.106438583986698,38438.0,547.0,14.5227262825605,42052.0,13.0,3.3,28.7,73.3,22.6,4197.0,33.5,43.9,17.4,30.7,Dallas County
48113012211,48113,0.0,1.0,,,20.9570225963669,40204.0,355.0,,43137.0,14.9,4.1,35.9,67.6,19.5,4435.0,35.8,34.2,24.6,29.9,Dallas County
48113012212,48113,,,,,,,,,69406.0,12.3,31.8,36.0,61.6,16.5,5298.0,52.9,4.8,39.2,26.5,Dallas County
48113012213,48113,,,,,,,,,86818.0,0.0,4.0,26.6,97.2,0.6,2024.0,84.1,0.9,11.3,39.8,Dallas County
48113012301,48113,1.0,1.0,64.7241316705084,29.0650806963362,19.8634263908415,51375.0,232.0,4.795109517019211,57056.0,16.3,0.9,26.0,69.6,16.0,5073.0,48.7,18.8,29.2,28.8,Dallas County
48113012302,48113,1.0,1.0,96.43841133615099,66.19569074936051,32.7969174977335,36457.0,983.0,22.6522971256434,39764.0,37.4,2.9,27.2,69.1,45.7,8814.0,37.1,40.0,19.8,24.1,Dallas County
48113012400,48113,1.0,1.0,10.6128134231553,3.11886606671257,8.11063352644366,61719.0,63.0,0.46864982589374504,68924.0,8.5,4.5,32.8,81.4,10.2,4900.0,82.6,2.1,10.8,45.7,Dallas County
48113012501,48113,,,,,,,,,81793.0,8.8,1.0,25.4,69.1,10.5,3393.0,60.9,0.0,33.5,36.7,Dallas County
48113012502,48113,,,,,,,,,46051.0,29.8,1.6,27.4,72.2,29.0,3016.0,52.8,3.1,42.5,34.3,Dallas County
48113012601,48113,0.0,1.0,,,13.9301874595992,44893.0,232.0,,49606.0,7.7,4.4,30.9,63.4,9.8,5872.0,32.3,15.7,45.4,30.3,Dallas County
48113012603,48113,0.0,0.0,,,8.33732630570196,83523.0,36.0,,92222.0,1.8,2.2,32.2,61.2,1.6,1836.0,33.0,4.7,56.8,33.9,Dallas County
48113012604,48113,0.0,1.0,3.68185605116818,1.8450656142670898,19.4399170247444,41134.0,410.0,0.43849280980871397,55431.0,23.8,4.2,32.9,75.0,25.8,6533.0,41.3,38.3,19.1,27.0,Dallas County
48113012701,48113,0.0,1.0,,,27.285342584562,43750.0,377.0,,50678.0,19.7,3.1,28.9,68.5,23.7,5327.0,50.9,5.2,38.7,37.8,Dallas County
48113012702,48113,0.0,1.0,,,18.6803519061584,46488.0,149.0,,60880.0,5.7,2.8,32.3,69.8,11.7,3260.0,48.9,4.0,47.0,35.0,Dallas County
48113012801,48113,,,,,,,,,78099.0,9.0,0.0,20.8,73.9,9.0,2598.0,66.4,2.0,25.9,45.7,Dallas County
48113012802,48113,,,,,,,,,123043.0,5.9,1.5,25.5,85.6,8.5,5003.0,83.2,5.6,7.8,38.9,Dallas County
48113012900,48113,0.0,0.0,15.687541184216999,0.563173134622882,8.28813191581688,121964.0,71.0,0.082196625294001,137115.0,2.6,0.9,23.8,92.5,3.7,4321.0,79.7,2.2,10.6,37.5,Dallas County
48113013005,48113,0.0,0.0,1.91807351308013,0.450846139597086,2.36220472440945,118958.0,62.0,0.396550535917916,130564.0,4.7,1.1,26.7,96.8,4.5,4489.0,85.2,0.8,4.6,39.3,Dallas County
48113013007,48113,0.0,0.0,,,12.8813559322034,83272.0,187.0,,86884.0,11.7,4.7,26.3,86.4,19.3,3095.0,56.4,9.5,13.5,36.6,Dallas County
48113013008,48113,0.0,0.0,,,15.149156939040202,130536.0,121.0,,112000.0,2.9,2.6,25.2,89.9,3.9,3046.0,69.1,5.7,11.1,36.7,Dallas County
48113013009,48113,0.0,0.0,0.620324540246976,0.11559190509677099,15.2745552977572,90294.0,273.0,0.0796700662542735,121731.0,5.5,1.7,21.7,84.4,8.3,4804.0,58.8,26.7,6.0,35.8,Dallas County
48113013010,48113,1.0,1.0,55.92555311884569,32.035636934456,22.3580441640379,37024.0,341.0,5.88142798644805,41234.0,16.9,1.3,28.7,68.1,20.0,4926.0,33.6,32.4,28.6,31.8,Dallas County
48113013011,48113,1.0,1.0,79.6073547075279,46.583875636059204,30.7553596473653,35438.0,475.0,5.030059628974779,42745.0,16.6,5.0,28.5,62.9,14.2,4301.0,19.6,40.5,33.4,29.8,Dallas County
48113013012,48113,,,,,,,,,106842.0,0.0,1.4,23.8,90.0,3.4,2626.0,86.0,2.2,3.5,36.4,Dallas County
48113013013,48113,,,,,,,,,172083.0,0.8,0.8,30.9,98.7,1.2,4380.0,89.5,2.1,4.5,39.8,Dallas County
48113013101,48113,0.0,0.0,27.540454084628802,1.2830835572351,3.87569832402235,250001.0,0.0,0.7095014525706229,174583.0,0.0,1.4,18.3,97.9,1.3,2828.0,93.9,0.4,2.3,52.5,Dallas County
48113013102,48113,0.0,0.0,,,2.3974427277570602,171818.0,11.0,,172292.0,0.0,1.9,18.2,98.3,0.8,2104.0,85.5,1.7,5.5,43.9,Dallas County
48113013104,48113,0.0,0.0,,,2.89421157684631,126458.0,57.0,,133854.0,0.0,5.6,24.0,95.6,1.7,1920.0,78.1,13.2,3.3,36.8,Dallas County
48113013106,48113,,,,,,,,,62778.0,0.0,1.7,22.4,82.5,4.0,1565.0,72.6,9.6,8.1,30.9,Dallas County
48113013107,48113,,,,,,,,,45754.0,10.2,2.0,23.4,85.7,13.6,4386.0,52.0,23.4,17.0,33.5,Dallas County
48113013201,48113,,,,,,,,,146042.0,0.0,21.4,17.4,70.4,1.0,2525.0,86.9,1.7,6.5,43.0,Dallas County
48113013202,48113,,,,,,,,,86127.0,1.7,1.5,22.6,93.3,4.8,5071.0,58.2,31.9,4.0,35.2,Dallas County
48113013605,48113,0.0,0.0,0.7853201981577631,0.058346136587072606,5.53916748607014,130417.0,16.0,0.0,165263.0,2.6,5.2,22.6,96.9,2.7,5041.0,84.0,1.8,7.4,41.4,Dallas County
48113013606,48113,0.0,0.0,25.853617626437604,9.22740631333663,11.5073212747631,92159.0,244.0,1.12194082011347,99145.0,2.8,1.7,24.5,78.0,4.6,5789.0,68.0,2.9,25.3,41.2,Dallas County
48113013607,48113,0.0,0.0,0.927198789239991,0.0960353856978148,5.6236673773987205,114764.0,7.0,0.054621829106342695,126250.0,0.0,2.8,20.1,90.0,3.7,3657.0,77.3,2.8,13.8,39.0,Dallas County
48113013608,48113,0.0,0.0,3.8355292935343197,0.234649096720317,3.5602503912363104,161250.0,0.0,0.0411275950962045,154628.0,1.0,2.1,22.6,95.9,7.2,2375.0,86.2,7.3,2.3,52.3,Dallas County
48113013609,48113,0.0,1.0,0.26423882037573,0.020244102817690398,23.1053149606299,81435.0,224.0,0.0,91406.0,9.1,1.7,23.1,75.6,9.8,3578.0,62.9,2.6,31.3,33.6,Dallas County
48113013610,48113,0.0,0.0,19.303048128421903,1.90258778893856,9.87107946892438,95600.0,70.0,0.0,86438.0,9.8,2.9,21.7,71.9,14.0,4144.0,58.6,4.1,34.3,37.2,Dallas County
48113013611,48113,0.0,0.0,10.8344548228492,0.478455004391337,2.58162490508732,149375.0,30.0,0.0577891035031415,141818.0,0.0,0.0,18.2,96.0,1.0,2829.0,82.2,7.1,5.8,56.9,Dallas County
48113013615,48113,0.0,1.0,,,23.3959708820044,39976.0,358.0,,46458.0,23.3,3.3,22.2,64.4,18.0,5442.0,19.4,31.2,45.9,32.6,Dallas County
48113013617,48113,0.0,0.0,,,7.2493224932249305,147679.0,18.0,,127375.0,3.9,2.4,22.2,95.1,6.0,2838.0,71.1,5.0,10.2,38.7,Dallas County
48113013618,48113,0.0,0.0,,,6.23637156563454,139250.0,0.0,,85417.0,5.7,4.6,24.6,92.1,12.6,2879.0,60.1,3.9,15.1,34.6,Dallas County
48113013619,48113,0.0,0.0,52.65236696739159,8.77524465701943,3.3559650824442304,150859.0,31.0,0.425548388715857,149688.0,4.5,2.6,22.2,95.1,4.2,5012.0,77.1,1.9,11.8,45.6,Dallas County
48113013620,48113,0.0,1.0,,,4.45728435823359,61545.0,78.0,,81148.0,0.9,3.5,21.8,91.1,6.8,6241.0,48.7,31.2,10.5,32.5,Dallas County
48113013621,48113,0.0,0.0,,,5.80323785803238,87463.0,183.0,,66170.0,0.0,8.6,23.2,92.4,5.2,3899.0,39.4,23.5,17.3,33.0,Dallas County
48113013622,48113,0.0,1.0,,,8.91321344800625,51722.0,14.0,,57813.0,8.7,3.1,21.3,79.6,11.5,3036.0,48.7,17.5,25.0,33.9,Dallas County
48113013624,48113,0.0,0.0,,,3.48943985307622,73261.0,75.0,,87716.0,0.0,4.8,19.2,79.0,3.9,4315.0,38.4,28.0,10.6,33.3,Dallas County
48113013625,48113,0.0,1.0,,,22.2288975668369,38929.0,134.0,,77273.0,1.4,6.1,23.8,70.1,6.0,3161.0,29.3,43.1,14.6,28.7,Dallas County
48113013626,48113,0.0,0.0,,,8.31242158092848,70052.0,38.0,,59490.0,12.1,7.7,21.3,74.5,16.3,2912.0,24.4,24.9,41.7,30.0,Dallas County
48113013627,48113,,,,,,,,,61156.0,12.6,2.0,21.6,66.1,8.7,1673.0,57.4,25.5,11.8,29.3,Dallas County
48113013628,48113,,,,,,,,,74764.0,16.8,1.2,25.6,82.3,13.0,5667.0,54.4,20.0,11.5,32.9,Dallas County
48113013629,48113,,,,,,,,,55460.0,40.1,3.8,21.6,84.8,53.0,2707.0,72.6,13.0,13.0,22.0,Dallas County
48113013630,48113,,,,,,,,,63726.0,30.2,6.9,22.3,80.3,20.6,2315.0,25.2,30.9,35.8,29.8,Dallas County
48113013631,48113,,,,,,,,,51151.0,17.8,8.2,27.4,47.9,21.7,1752.0,6.6,11.0,59.1,29.8,Dallas County
48113013715,48113,0.0,0.0,,,6.26157836235643,71831.0,80.0,,86250.0,12.0,7.2,20.9,81.3,11.1,2323.0,60.3,1.0,31.9,41.0,Dallas County
48113013716,48113,0.0,1.0,0.0,0.0,10.4863813229572,60039.0,48.0,0.0,86373.0,2.4,3.5,24.0,79.9,4.3,5243.0,61.4,9.3,15.1,38.1,Dallas County
48113013717,48113,0.0,1.0,0.0,0.0,26.7818574514039,36765.0,118.0,0.0,59196.0,17.1,6.3,22.4,62.2,21.7,2952.0,65.0,2.0,24.6,32.9,Dallas County
48113013718,48113,0.0,1.0,,,11.8810016945961,52863.0,154.0,,58214.0,7.5,1.0,22.8,65.8,9.2,4316.0,71.2,9.0,13.4,26.4,Dallas County
48113013719,48113,0.0,0.0,0.0,0.0,8.72144112478032,85781.0,131.0,0.0,53214.0,10.2,1.3,23.4,86.4,13.3,4446.0,34.8,15.2,4.2,47.7,Dallas County
48113013720,48113,0.0,0.0,,,11.495105309997001,68417.0,135.0,,82576.0,8.3,5.0,23.5,80.8,6.8,5769.0,64.1,7.9,18.6,33.3,Dallas County
48113013721,48113,0.0,0.0,66.0839369150118,8.66914620711984,3.38559039359573,134707.0,121.0,0.603030017026985,126442.0,0.9,7.1,21.6,90.2,2.7,5271.0,66.0,5.1,15.1,48.3,Dallas County
48113013722,48113,0.0,0.0,67.5016913543018,13.9312174109685,10.364561254769,71387.0,121.0,2.06764223410081,70197.0,6.3,2.4,23.6,88.4,6.0,4579.0,61.4,24.9,9.1,33.9,Dallas County
48113013725,48113,0.0,1.0,2.3262433359402,0.9855458218691919,23.8463457221252,42470.0,169.0,0.0323090332968529,57452.0,10.8,2.7,22.5,75.8,11.4,4330.0,66.1,19.1,10.9,32.9,Dallas County
48113013726,48113,0.0,0.0,1.0271880852342101,0.375859674067699,16.3763066202091,80074.0,4.0,0.0,81306.0,10.9,9.8,21.7,79.7,12.3,2900.0,62.7,8.7,22.0,41.7,Dallas County
48113013727,48113,0.0,0.0,39.3811979940538,9.93240389287748,7.260316475333541,99850.0,68.0,0.000590051954182295,87065.0,4.8,2.1,23.1,87.0,4.6,3913.0,47.6,26.7,12.5,40.3,Dallas County
48113013728,48113,,,,,,,,,70811.0,14.1,3.2,22.0,64.4,16.4,5136.0,75.5,4.8,15.5,29.4,Dallas County
48113013729,48113,,,,,,,,,76913.0,7.3,1.9,24.6,73.8,7.5,7033.0,68.3,5.4,23.7,33.9,Dallas County
48113013804,48113,0.0,0.0,,,5.3867755935665,67043.0,129.0,,75505.0,6.7,0.0,23.5,81.7,9.0,2979.0,64.7,7.4,10.0,41.4,Dallas County
48113013805,48113,0.0,0.0,,,11.3048707155743,76875.0,22.0,,65990.0,10.8,3.9,22.8,78.9,11.0,3981.0,50.6,18.4,20.1,31.6,Dallas County
48113013806,48113,0.0,0.0,0.0,0.0,5.17198091890535,100933.0,13.0,0.0,98354.0,3.3,3.8,20.2,88.2,5.5,3776.0,46.8,20.4,7.1,32.6,Dallas County
48113013807,48113,,,,,,,,,114812.0,1.5,3.4,26.4,79.7,3.1,3012.0,85.5,0.0,3.9,40.3,Dallas County
48113013808,48113,,,,,,,,,103565.0,0.0,0.6,23.2,90.0,0.2,2503.0,72.4,6.9,9.4,51.8,Dallas County
48113013901,48113,0.0,1.0,0.381012032290818,0.133883394639806,18.2422074603986,58421.0,127.0,0.0,68573.0,18.3,1.8,20.8,71.3,18.4,4023.0,72.3,3.7,21.1,33.2,Dallas County
48113013902,48113,0.0,0.0,,,3.36491974473023,70369.0,101.0,,78600.0,9.1,4.0,24.7,85.7,14.4,4063.0,70.0,0.3,17.0,36.6,Dallas County
48113014001,48113,0.0,0.0,0.07402969597161381,0.013288113611590699,5.17033099782556,92270.0,132.0,0.0008761273866349999,101429.0,2.0,4.5,21.0,82.9,3.5,4624.0,78.0,1.4,13.7,35.6,Dallas County
48113014002,48113,0.0,0.0,47.0828446831429,4.47313088977166,0.0,,0.0,0.0,82292.0,0.0,0.0,20.6,86.1,3.0,1706.0,42.1,17.6,8.7,31.9,Dallas County
48113014119,48113,0.0,0.0,,,4.47001549015269,128750.0,43.0,,128208.0,2.9,3.5,25.4,93.0,2.4,4245.0,66.9,5.8,8.7,42.2,Dallas County
48113014120,48113,0.0,0.0,3.5285331328481195,0.258138539434935,3.06943664607898,160216.0,0.0,0.0166008288096728,166650.0,0.6,1.6,29.2,95.9,0.7,5430.0,63.4,1.2,6.1,41.0,Dallas County
48113014121,48113,0.0,0.0,51.3121164606286,8.48155690682565,4.517453798767971,101402.0,71.0,0.0,87212.0,6.1,1.3,28.6,93.6,7.3,5092.0,56.8,10.1,5.3,35.8,Dallas County
48113014123,48113,0.0,0.0,14.2989798441047,0.220958488046158,0.11454753722795,166380.0,12.0,0.297770484132653,189432.0,0.0,1.5,25.6,96.1,0.6,5986.0,61.2,1.4,2.4,44.2,Dallas County
48113014124,48113,0.0,0.0,12.2458027804191,0.183163717266833,2.53871541000254,183929.0,8.0,0.222358484820802,173325.0,1.7,3.4,21.2,95.3,3.5,3926.0,46.6,9.3,5.9,46.5,Dallas County
48113014126,48113,0.0,0.0,10.3338767555031,3.4512371963222703,4.4683257918552,133310.0,19.0,0.5134869862829871,170368.0,0.6,1.1,19.7,94.5,1.0,7145.0,58.8,0.9,8.4,40.0,Dallas County
48113014128,48113,0.0,0.0,,,6.37490513534025,107181.0,37.0,,124595.0,0.0,3.8,19.4,89.2,3.3,4194.0,29.5,4.2,5.2,37.3,Dallas County
48113014130,48113,0.0,0.0,1.3014962117945899,0.32792146875543504,6.22459893048128,93570.0,18.0,0.0,108000.0,4.1,1.3,21.6,93.0,4.1,4118.0,28.8,12.4,2.5,38.7,Dallas County
48113014132,48113,0.0,0.0,90.10655285194849,29.856491842864003,16.4025695931478,81250.0,90.0,5.82938261107722,76682.0,20.9,7.7,22.9,93.2,19.9,2895.0,25.6,32.3,4.7,32.4,Dallas County
48113014134,48113,0.0,0.0,70.6618619031361,6.369070088656089,2.47056107134611,156016.0,21.0,1.7933089764244399,158851.0,4.5,3.4,26.4,97.0,6.1,4207.0,46.6,2.5,4.0,38.7,Dallas County
48113014135,48113,0.0,0.0,1.93521215577684,0.391581577883493,7.193515704154,111574.0,61.0,0.0398927446310603,117522.0,3.7,1.3,26.1,95.6,6.7,4768.0,42.5,14.6,5.5,37.0,Dallas County
48113014138,48113,0.0,0.0,99.9763635368766,9.668010865972681,2.2066458982346804,111488.0,0.0,0.0,103505.0,0.9,4.3,22.5,89.6,3.6,4063.0,25.9,9.2,5.0,32.8,Dallas County
48113014139,48113,,,,,,,,,63580.0,4.7,4.5,18.3,86.7,5.3,2545.0,17.5,46.5,20.7,33.3,Dallas County
48113014140,48113,,,,,,,,,57166.0,17.6,2.3,18.5,79.4,18.7,2978.0,21.9,44.0,1.1,35.4,Dallas County
48113014141,48113,,,,,,,,,91293.0,11.6,3.8,22.6,88.5,10.2,2191.0,28.2,26.8,4.9,33.5,Dallas County
48113014142,48113,,,,,,,,,76991.0,26.9,12.7,21.6,91.6,21.2,2091.0,34.6,30.1,0.7,31.5,Dallas County
48113014143,48113,,,,,,,,,141316.0,8.1,2.8,18.9,97.8,7.5,4494.0,35.6,2.9,10.0,37.3,Dallas County
48113014144,48113,,,,,,,,,92684.0,4.0,0.5,17.5,97.7,10.5,5532.0,31.4,12.6,6.4,28.9,Dallas County
48113014145,48113,,,,,,,,,66346.0,10.6,3.7,19.6,85.3,9.4,1295.0,32.2,36.0,8.1,33.0,Dallas County
48113014146,48113,,,,,,,,,58043.0,14.2,2.8,24.7,80.3,16.9,2413.0,16.7,17.9,8.4,29.3,Dallas County
48113014147,48113,,,,,,,,,53823.0,4.9,1.9,25.3,79.1,10.9,2433.0,14.1,58.4,17.8,30.2,Dallas County
48113014148,48113,,,,,,,,,49070.0,2.5,2.0,20.6,83.1,5.9,3603.0,19.8,12.8,16.1,28.5,Dallas County
48113014149,48113,,,,,,,,,97188.0,2.8,1.9,23.9,96.8,5.8,4011.0,13.8,15.9,4.4,30.5,Dallas County
48113014150,48113,,,,,,,,,138533.0,0.0,1.7,19.2,93.1,1.6,1545.0,4.5,32.4,0.0,29.4,Dallas County
48113014151,48113,,,,,,,,,117083.0,6.7,6.2,21.9,93.9,11.6,4288.0,12.8,3.5,2.3,32.1,Dallas County
48113014152,48113,,,,,,,,,81989.0,6.3,5.8,18.3,89.7,7.8,3641.0,15.4,24.9,5.5,31.8,Dallas County
48113014153,48113,,,,,,,,,61027.0,5.0,0.4,21.6,60.1,5.2,4523.0,28.1,19.3,41.0,36.9,Dallas County
48113014154,48113,,,,,,,,,90492.0,0.0,5.1,25.6,84.0,0.4,3723.0,20.7,16.7,25.3,35.3,Dallas County
48113014155,48113,,,,,,,,,101480.0,4.3,0.4,22.3,95.8,6.8,5611.0,19.0,9.1,1.8,33.0,Dallas County
48113014156,48113,,,,,,,,,170672.0,1.9,7.2,24.6,97.0,2.4,4147.0,14.5,0.2,2.3,37.5,Dallas County
48113014157,48113,,,,,,,,,86715.0,11.6,0.9,17.3,96.4,6.2,2193.0,39.9,16.0,7.9,32.1,Dallas County
48113014158,48113,,,,,,,,,54663.0,25.4,4.0,25.7,74.2,32.6,3300.0,28.1,49.2,5.6,26.8,Dallas County
48113014159,48113,,,,,,,,,215777.0,0.0,5.5,25.6,90.3,0.0,2709.0,10.1,0.0,0.9,33.4,Dallas County
48113014160,48113,,,,,,,,,77463.0,5.9,1.3,21.8,96.6,8.6,2455.0,19.9,28.4,5.9,35.9,Dallas County
48113014161,48113,,,,,,,,,54125.0,3.8,1.2,25.8,80.6,8.7,3416.0,29.8,50.2,8.7,32.6,Dallas County
48113014203,48113,0.0,0.0,2.5378306604792797,0.0,4.959422903516679,65882.0,50.0,0.0,81736.0,9.3,7.5,24.3,82.0,8.5,2998.0,58.9,1.4,26.7,40.1,Dallas County
48113014204,48113,1.0,1.0,33.8627825965593,26.691840107624298,37.809576224546,29115.0,64.0,9.19323792183621,53629.0,4.3,1.8,17.5,81.7,13.6,2800.0,54.9,10.1,11.0,22.4,Dallas County
48113014205,48113,0.0,0.0,66.44419989224471,8.58596601300947,8.02069857697283,152000.0,19.0,0.31372007818679903,167350.0,1.6,0.5,20.5,98.2,1.8,1684.0,68.1,2.9,2.3,52.0,Dallas County
48113014207,48113,,,,,,,,,91000.0,0.0,1.8,19.4,92.0,5.8,1755.0,54.3,13.4,2.0,33.2,Dallas County
48113014208,48113,,,,,,,,,64583.0,0.0,0.5,26.2,84.5,1.4,1878.0,64.3,26.9,0.9,32.6,Dallas County
48113014209,48113,,,,,,,,,119193.0,0.0,2.3,24.1,95.4,2.1,3308.0,58.7,20.3,9.6,36.2,Dallas County
48113014306,48113,0.0,1.0,,,19.0795938421225,60392.0,191.0,,71962.0,7.3,8.7,23.7,68.5,9.0,6253.0,45.5,2.3,48.8,32.7,Dallas County
48113014308,48113,0.0,0.0,,,31.585710614238,36604.0,309.0,,55490.0,5.9,3.8,26.7,69.8,7.5,4629.0,50.0,17.9,23.4,25.7,Dallas County
48113014309,48113,0.0,0.0,,,28.2536585365854,36495.0,290.0,,47348.0,20.4,3.9,23.4,70.0,20.7,6242.0,41.7,25.6,23.4,26.9,Dallas County
48113014310,48113,0.0,1.0,0.668858271591992,0.271632401056068,14.9978965082036,47750.0,270.0,0.0956491125883118,76563.0,7.1,5.8,21.1,84.6,6.8,4760.0,40.7,34.6,13.3,32.1,Dallas County
48113014313,48113,,,,,,,,,104911.0,0.0,3.8,20.4,91.3,2.3,2807.0,39.5,22.4,12.6,34.7,Dallas County
48113014314,48113,,,,,,,,,93125.0,0.0,3.2,21.3,97.0,2.5,2636.0,58.2,9.9,6.0,35.4,Dallas County
48113014315,48113,,,,,,,,,90125.0,4.2,4.9,25.3,68.5,6.2,2566.0,48.9,18.1,27.8,33.7,Dallas County
48113014316,48113,,,,,,,,,68268.0,6.9,4.0,23.1,75.1,7.5,4926.0,45.3,0.0,28.6,35.2,Dallas County
48113014317,48113,,,,,,,,,76250.0,0.0,0.0,19.7,70.7,1.2,1977.0,61.7,16.0,7.0,31.3,Dallas County
48113014318,48113,,,,,,,,,82014.0,0.0,7.6,23.9,89.3,4.5,2269.0,68.0,3.0,9.9,40.4,Dallas County
48113014319,48113,,,,,,,,,64422.0,5.0,4.6,17.8,90.1,5.7,3011.0,24.4,24.9,2.4,30.2,Dallas County
48113014320,48113,,,,,,,,,101164.0,4.9,4.5,28.2,84.8,4.0,2983.0,19.0,13.7,0.5,30.0,Dallas County
48113014405,48113,0.0,1.0,,,17.7186878727634,56534.0,321.0,,46886.0,11.2,5.1,24.5,71.5,18.8,3529.0,38.7,8.3,49.3,39.8,Dallas County
48113014406,48113,0.0,1.0,2.15566359171497,0.8053835475757211,20.0682593856655,47548.0,168.0,0.15455058327427598,66550.0,16.6,6.7,25.6,64.9,19.8,5069.0,38.2,1.0,55.7,29.9,Dallas County
48113014407,48113,0.0,1.0,2.112934047681,1.06920947844903,14.3586005830904,44621.0,282.0,0.101540691529072,44653.0,16.1,5.0,25.6,65.0,18.7,4953.0,26.4,20.5,42.5,34.7,Dallas County
48113014408,48113,1.0,1.0,14.620213021481701,7.403254653229239,17.3217550274223,55592.0,179.0,0.17141855383315,65556.0,13.1,8.6,21.9,68.8,16.7,3999.0,25.2,17.0,40.0,33.2,Dallas County
48113014409,48113,,,,,,,,,38703.0,24.5,4.3,31.0,63.5,28.0,3370.0,13.4,24.6,53.9,24.8,Dallas County
48113014410,48113,,,,,,,,,47143.0,20.3,10.3,21.8,71.6,17.7,2662.0,39.3,26.3,16.1,30.9,Dallas County
48113014501,48113,0.0,0.0,,,6.11468695143359,72727.0,93.0,,97946.0,4.9,1.9,30.6,79.1,7.7,4747.0,46.3,3.2,47.0,39.8,Dallas County
48113014502,48113,0.0,1.0,,,18.892571651394,51875.0,161.0,,68610.0,12.6,2.7,22.4,65.9,14.5,5371.0,49.9,2.5,42.2,31.0,Dallas County
48113014601,48113,0.0,1.0,,,16.732197466142402,47321.0,96.0,,62803.0,6.6,4.2,21.0,66.1,8.6,2228.0,59.8,6.5,25.2,30.7,Dallas County
48113014602,48113,0.0,1.0,,,22.2222222222222,44505.0,203.0,,63475.0,11.6,3.6,25.3,59.9,10.8,4767.0,48.2,1.6,44.6,33.6,Dallas County
48113014603,48113,0.0,1.0,,,18.0377818403413,43750.0,105.0,,58295.0,13.9,2.3,27.9,74.0,13.7,2023.0,58.5,3.9,29.6,30.9,Dallas County
48113014701,48113,0.0,1.0,,,19.292817679558,41902.0,174.0,,55450.0,2.7,2.6,22.9,61.3,4.1,4417.0,67.1,4.5,26.4,32.2,Dallas County
48113014704,48113,,,,,,,,,53766.0,21.1,2.7,23.9,68.7,21.9,5310.0,57.3,2.7,33.6,31.1,Dallas County
48113014903,48113,,,,,,,,,74865.0,8.2,2.6,25.6,61.9,10.7,4059.0,56.1,0.8,34.9,30.8,Dallas County
48113015001,48113,,,,,,,,,77591.0,3.9,4.9,29.6,58.7,4.8,5468.0,40.7,5.0,46.9,30.5,Dallas County
48113015002,48113,,,,,,,,,77083.0,11.7,5.5,28.1,72.4,9.7,2938.0,39.9,1.2,47.9,32.0,Dallas County
48113015101,48113,,,,,,,,,56797.0,12.7,11.5,23.9,77.0,19.4,4039.0,33.7,3.5,55.2,29.7,Dallas County
48113015102,48113,,,,,,,,,50668.0,28.7,1.7,24.0,66.5,33.8,2671.0,46.4,0.1,48.2,35.8,Dallas County
48113015202,48113,0.0,1.0,,,35.1351351351351,41250.0,243.0,,51250.0,1.6,6.8,29.6,64.4,6.1,3033.0,40.7,1.8,57.2,26.9,Dallas County
48113015205,48113,0.0,1.0,,,26.1433286185761,37140.0,279.0,,46367.0,16.8,4.2,34.1,59.5,20.8,3485.0,39.9,4.5,54.0,32.4,Dallas County
48113015206,48113,0.0,1.0,,,10.6650924832743,54014.0,158.0,,63281.0,9.8,5.5,27.6,56.8,15.4,4900.0,49.0,2.6,44.6,27.1,Dallas County
48113015207,48113,,,,,,,,,111250.0,4.4,6.5,23.7,92.5,8.0,3581.0,68.0,9.9,9.9,33.4,Dallas County
48113015208,48113,,,,,,,,,48188.0,9.5,4.5,27.8,88.0,11.9,4176.0,34.0,0.7,60.7,35.9,Dallas County
48113015303,48113,1.0,1.0,100.000001383985,52.456597493779796,23.960396039604,44464.0,53.0,1.91191982830097,58021.0,10.8,8.6,23.4,67.3,11.6,1760.0,33.5,0.0,63.9,34.6,Dallas County
48113015304,48113,1.0,1.0,99.9823116053786,44.1392123099361,15.4723127035831,54907.0,216.0,2.59272137358317,62219.0,24.8,4.7,23.6,67.5,26.6,4523.0,46.1,2.4,49.3,26.9,Dallas County
48113015305,48113,1.0,1.0,33.3802945993378,11.515324816804801,15.9801595859392,58681.0,224.0,0.8280630521778021,83235.0,3.6,5.5,28.6,80.9,8.1,4292.0,46.8,5.1,38.5,40.6,Dallas County
48113015306,48113,0.0,0.0,3.2949748050021004,0.921507344053578,13.1768953068592,74861.0,132.0,0.490574906785255,87500.0,9.6,4.0,27.0,78.3,11.3,6149.0,31.6,14.2,32.0,34.2,Dallas County
48113015403,48113,0.0,1.0,9.1716191236009,4.10062141240911,23.7181409295352,52179.0,307.0,1.67353792160152,46235.0,18.5,4.2,30.2,81.0,19.0,3325.0,38.4,37.8,22.1,31.2,Dallas County
48113015404,48113,1.0,1.0,27.0621185931108,18.4107265494854,28.783563873067504,38667.0,390.0,0.50708575264903,51036.0,22.3,1.4,25.8,74.9,27.1,4199.0,41.7,17.4,39.6,29.1,Dallas County
48113015405,48113,,,,,,,,,81875.0,4.6,16.5,34.0,82.3,7.7,2553.0,50.2,17.5,26.4,34.5,Dallas County
48113015406,48113,,,,,,,,,79182.0,2.9,2.3,24.2,93.1,5.1,3265.0,67.5,11.5,15.9,43.1,Dallas County
48113015500,48113,0.0,0.0,,,15.0563607085346,58321.0,99.0,,69246.0,8.8,4.2,22.6,67.9,10.0,3811.0,41.4,12.3,45.8,28.2,Dallas County
48113015600,48113,0.0,1.0,0.664435731431189,0.31902229540132804,21.3211600429646,43315.0,197.0,0.0365665486304322,64643.0,18.5,5.3,28.2,65.4,23.4,5815.0,50.9,1.8,42.9,30.9,Dallas County
48113015700,48113,1.0,1.0,35.245036843697605,17.8797062571634,24.883099532398102,47536.0,130.0,0.0,62105.0,17.6,6.2,24.8,67.4,20.0,2684.0,49.5,0.0,45.1,29.7,Dallas County
48113015900,48113,0.0,1.0,0.0,0.0,25.408299866131202,33750.0,379.0,0.0,41103.0,12.1,3.1,20.8,88.6,17.6,3380.0,49.2,14.7,30.4,32.3,Dallas County
48113016001,48113,0.0,1.0,0.173698611532398,0.07383880658048039,34.958111195735,36636.0,255.0,0.00286089013198841,46616.0,11.8,2.6,32.5,64.5,14.8,4044.0,36.2,2.8,57.5,30.0,Dallas County
48113016002,48113,0.0,1.0,,,27.970922882427303,39257.0,212.0,,37591.0,39.4,14.3,25.5,65.7,39.7,3747.0,58.2,3.0,38.0,20.5,Dallas County
48113016100,48113,1.0,1.0,28.4717924159836,10.9665246200453,12.0468488566648,47917.0,206.0,0.9199239367913441,39360.0,25.7,5.0,24.1,73.6,21.6,3759.0,28.8,34.2,34.9,40.7,Dallas County
48113016201,48113,0.0,0.0,3.67960006154645,1.22930410916133,8.878281622911691,66667.0,263.0,0.25333466484932204,81103.0,4.1,2.0,24.9,79.6,7.1,4094.0,41.4,12.5,42.6,30.1,Dallas County
48113016203,48113,,,,,,,,,42710.0,29.1,14.0,28.5,73.7,36.6,2056.0,69.5,2.5,25.1,30.5,Dallas County
48113016204,48113,,,,,,,,,54891.0,13.2,8.4,27.1,59.6,14.3,5295.0,49.2,1.6,45.0,29.8,Dallas County
48113016301,48113,0.0,0.0,2.85537183309782,0.669107016380861,11.705639614855599,71635.0,239.0,0.0390196415730359,68200.0,5.9,3.5,30.5,76.6,7.8,6717.0,41.0,8.6,43.9,35.6,Dallas County
48113016302,48113,0.0,0.0,,,24.0723562152134,44091.0,75.0,,45996.0,19.3,9.8,27.9,71.4,22.1,1945.0,44.1,6.5,45.3,32.1,Dallas County
48113016406,48113,0.0,1.0,,,20.2895894428152,55296.0,330.0,,57097.0,4.0,2.7,30.0,80.1,8.2,4592.0,28.9,18.3,47.9,33.3,Dallas County
48113016407,48113,0.0,1.0,,,12.452830188679199,60761.0,490.0,,59112.0,14.9,7.9,27.9,79.3,17.3,6871.0,40.7,10.8,42.3,25.8,Dallas County
48113016409,48113,0.0,0.0,27.476113164181896,4.785898858099761,6.53107991979376,113295.0,54.0,0.525470302432513,112097.0,7.8,2.5,29.6,94.7,10.1,4029.0,35.3,30.2,23.7,42.3,Dallas County
48113016410,48113,0.0,0.0,28.281106389765498,5.89244983694549,11.5460656385923,88649.0,71.0,0.8212393129577609,90625.0,10.1,4.8,29.6,88.3,11.9,4803.0,38.9,30.0,21.5,38.5,Dallas County
48113016412,48113,0.0,0.0,21.9273015119197,2.04916829618905,2.12428032559063,114148.0,80.0,0.30850623079358,125625.0,3.6,0.0,29.5,88.9,5.1,5085.0,32.2,31.7,22.2,39.6,Dallas County
48113016414,48113,,,,,,,,,74167.0,20.6,6.1,31.2,87.5,14.5,2009.0,44.6,29.4,5.5,42.0,Dallas County
48113016415,48113,,,,,,,,,121226.0,15.5,6.4,32.0,88.3,15.8,4930.0,43.7,23.6,21.6,34.7,Dallas County
48113016416,48113,,,,,,,,,64982.0,5.1,14.9,26.3,86.0,5.9,3277.0,35.9,28.0,18.8,34.0,Dallas County
48113016417,48113,,,,,,,,,78646.0,12.0,6.6,28.9,88.4,18.7,5152.0,46.0,12.7,26.6,37.0,Dallas County
48113016418,48113,,,,,,,,,92863.0,0.0,5.0,28.6,89.9,1.0,4641.0,30.1,30.6,28.0,33.5,Dallas County
48113016419,48113,,,,,,,,,80554.0,7.4,5.4,36.1,91.7,10.7,4941.0,44.2,28.7,18.2,31.1,Dallas County
48113016420,48113,,,,,,,,,78192.0,5.4,12.4,35.8,71.5,3.8,4169.0,36.1,16.7,45.5,39.1,Dallas County
48113016421,48113,,,,,,,,,70029.0,6.2,8.0,32.6,82.2,6.4,3222.0,64.3,10.6,19.1,38.1,Dallas County
48113016511,48113,1.0,1.0,96.1232577522516,44.3425951790162,19.0709567440869,54115.0,296.0,4.21860053183884,71278.0,15.2,10.3,28.7,78.4,20.5,4805.0,21.7,60.4,13.7,32.4,Dallas County
48113016513,48113,0.0,0.0,49.7096497086552,9.87929201749621,6.994137861330101,96679.0,103.0,1.76417820755359,143661.0,3.4,3.6,29.1,86.0,5.0,5908.0,49.2,35.7,12.4,46.2,Dallas County
48113016516,48113,0.0,1.0,,,19.366648361705998,57963.0,384.0,,45059.0,11.1,11.7,21.9,78.1,12.3,5591.0,45.6,21.4,27.2,35.5,Dallas County
48113016517,48113,0.0,0.0,,,16.9259606373008,60729.0,302.0,,68384.0,18.5,6.4,23.3,81.2,18.7,5385.0,41.0,39.9,17.4,29.0,Dallas County
48113016518,48113,0.0,1.0,,,14.8132780082988,43537.0,284.0,,49814.0,3.0,11.5,27.6,70.7,8.0,6140.0,33.8,32.9,27.9,34.3,Dallas County
48113016519,48113,0.0,0.0,6.06995621703509,1.82133797879886,7.75716694772344,74474.0,48.0,0.0421783316866477,77583.0,11.4,4.5,22.2,66.7,11.6,2320.0,61.5,15.1,16.6,39.7,Dallas County
48113016521,48113,0.0,0.0,98.4206971993591,32.8156721214717,14.249084249084202,71667.0,129.0,3.89768192947327,54089.0,6.0,10.2,21.4,89.2,9.7,7341.0,39.4,41.9,10.2,22.2,Dallas County
48113016522,48113,0.0,0.0,27.258489065449098,3.1544141159043,16.7589175891759,73478.0,95.0,0.0,76116.0,24.7,5.2,26.5,72.4,19.5,5179.0,61.0,23.5,10.4,30.6,Dallas County
48113016524,48113,,,,,,,,,108819.0,5.6,1.3,38.3,97.5,5.6,2549.0,49.9,21.1,6.2,50.4,Dallas County
48113016525,48113,,,,,,,,,158636.0,0.0,1.3,31.0,90.6,1.2,2139.0,28.6,55.7,5.2,47.1,Dallas County
48113016526,48113,,,,,,,,,49306.0,14.5,13.3,31.5,80.4,16.4,5508.0,29.1,56.4,10.6,25.3,Dallas County
48113016527,48113,,,,,,,,,110126.0,2.8,0.0,29.6,79.1,3.3,4764.0,25.7,24.9,39.1,40.6,Dallas County
48113016528,48113,,,,,,,,,73138.0,0.0,5.0,31.0,85.9,3.1,5230.0,20.7,56.4,19.1,31.4,Dallas County
48113016529,48113,,,,,,,,,79932.0,19.4,10.5,27.3,86.9,15.3,3521.0,26.0,40.5,25.0,35.2,Dallas County
48113016530,48113,,,,,,,,,72019.0,7.1,8.5,33.8,85.7,9.6,3297.0,28.7,40.5,20.4,41.5,Dallas County
48113016531,48113,,,,,,,,,80000.0,4.2,1.0,27.1,77.5,5.3,3263.0,22.6,41.6,34.4,27.3,Dallas County
48113016532,48113,,,,,,,,,80625.0,13.5,9.9,23.0,88.1,15.0,2021.0,44.7,25.3,25.2,45.0,Dallas County
48113016533,48113,,,,,,,,,55843.0,15.4,10.5,26.4,72.7,25.7,3257.0,41.1,11.1,39.0,40.9,Dallas County
48113016534,48113,,,,,,,,,56469.0,21.4,5.6,30.7,84.7,22.1,3457.0,47.1,20.7,28.6,26.6,Dallas County
48113016535,48113,,,,,,,,,65208.0,0.7,7.1,29.6,73.0,7.0,3416.0,38.4,41.2,19.1,50.2,Dallas County
48113016536,48113,,,,,,,,,68221.0,8.8,7.5,25.0,72.7,7.4,2673.0,41.2,12.7,41.9,35.1,Dallas County
48113016607,48113,0.0,1.0,,,35.5291576673866,27639.0,583.0,,24880.0,46.1,4.8,19.8,80.3,41.1,3593.0,3.4,91.3,4.9,29.9,Dallas County
48113016610,48113,0.0,0.0,5.39411460966015,0.7490000817645109,17.466283440194598,67830.0,283.0,0.0,49712.0,10.1,4.0,26.8,92.7,13.6,3904.0,9.0,80.5,5.4,43.8,Dallas County
48113016615,48113,0.0,0.0,37.1661486808577,11.1316329892599,7.28245695672406,83064.0,134.0,0.456240849130762,83393.0,5.3,8.2,32.5,87.6,9.1,4602.0,25.5,62.7,3.5,33.0,Dallas County
48113016616,48113,0.0,0.0,100.000000759987,27.9638507109527,14.352640545144801,74315.0,278.0,2.51014895917206,83207.0,3.6,8.0,33.6,86.2,5.2,5725.0,38.0,49.7,10.7,32.9,Dallas County
48113016617,48113,0.0,0.0,72.1672803039859,5.56576341270211,2.60740004966476,124185.0,34.0,0.824004643132819,117621.0,10.0,10.4,30.1,88.1,11.4,5271.0,25.3,60.1,10.8,51.4,Dallas County
48113016618,48113,0.0,0.0,1.5230887545163,0.311129766789724,7.074569789674951,70776.0,183.0,0.0925788444465776,71590.0,4.1,2.3,30.7,84.8,4.2,4856.0,24.1,57.4,10.9,39.0,Dallas County
48113016619,48113,0.0,1.0,4.6822579815142,1.04630644507511,17.1059567738535,44278.0,375.0,0.0629438543165307,45544.0,13.0,3.3,21.7,85.9,20.9,3416.0,17.2,60.7,19.9,38.1,Dallas County
48113016620,48113,0.0,0.0,1.4801068874372,0.265811106117121,15.939687668282199,90500.0,263.0,0.0,98778.0,2.6,2.5,30.6,88.8,5.1,5845.0,28.0,60.5,7.8,43.6,Dallas County
48113016621,48113,1.0,1.0,55.4024229681472,20.474035013898,21.6422985379123,60691.0,304.0,0.48812863560116504,80799.0,8.4,7.3,30.7,76.1,6.7,6140.0,10.5,55.8,28.6,40.5,Dallas County
48113016622,48113,0.0,0.0,99.7049741091298,41.068284068154895,18.456623248955502,64956.0,216.0,5.67782792569293,79276.0,12.3,2.6,36.4,93.0,14.9,4307.0,23.4,67.1,8.8,32.7,Dallas County
48113016623,48113,0.0,0.0,57.906876961046706,19.3444153289052,8.880023640661939,77743.0,238.0,0.944232469031089,91461.0,8.7,5.4,32.7,92.3,10.8,7960.0,19.9,64.8,12.4,29.6,Dallas County
48113016624,48113,0.0,0.0,44.5489263305503,12.9717884650446,2.7579493835172,81448.0,140.0,0.0333733623058109,74982.0,6.0,15.1,30.5,84.9,7.1,3501.0,11.9,77.3,8.0,37.7,Dallas County
48113016626,48113,0.0,1.0,5.41179593718067,3.0851899067595,18.532494758909902,51139.0,308.0,0.47388841644469204,59535.0,7.3,9.5,36.8,80.9,17.1,4445.0,33.0,49.9,9.0,32.7,Dallas County
48113016627,48113,,,,,,,,,105081.0,0.0,11.7,32.3,88.6,1.8,2716.0,27.2,59.0,13.7,36.8,Dallas County
48113016628,48113,,,,,,,,,70635.0,3.8,19.2,28.9,80.7,2.6,4583.0,15.4,66.1,11.6,42.1,Dallas County
48113016629,48113,,,,,,,,,83542.0,6.9,1.6,31.9,91.8,10.6,2728.0,24.3,59.2,15.3,40.5,Dallas County
48113016630,48113,,,,,,,,,84541.0,5.5,2.6,30.7,91.9,3.5,6619.0,17.4,69.3,11.5,33.5,Dallas County
48113016631,48113,,,,,,,,,117303.0,1.3,8.9,33.3,92.2,5.8,5785.0,6.4,82.0,5.0,41.7,Dallas County
48113016632,48113,,,,,,,,,91497.0,7.6,16.4,37.6,90.9,6.9,3721.0,33.3,47.5,17.1,37.1,Dallas County
48113016633,48113,,,,,,,,,117692.0,5.4,5.5,28.5,93.3,6.7,7264.0,11.2,85.2,0.5,40.4,Dallas County
48113016634,48113,,,,,,,,,69223.0,4.2,7.1,36.1,78.6,7.9,4744.0,20.3,16.9,57.0,32.3,Dallas County
48113016635,48113,,,,,,,,,28412.0,47.2,3.3,20.0,83.9,38.7,3916.0,5.2,91.4,2.1,32.3,Dallas County
48113016636,48113,,,,,,,,,74535.0,2.9,4.2,26.0,74.0,1.9,2394.0,41.6,34.8,15.5,44.0,Dallas County
48113016637,48113,,,,,,,,,65156.0,10.4,11.1,21.4,87.7,13.0,2921.0,30.6,50.9,12.1,36.2,Dallas County
48113016638,48113,,,,,,,,,70837.0,0.0,0.0,25.6,93.5,2.2,1644.0,26.0,55.8,18.1,49.8,Dallas County
48113016704,48113,1.0,1.0,77.7170903436597,27.560923991056104,15.0904977375566,62448.0,429.0,0.49526442136067705,65954.0,10.9,3.5,27.0,80.5,15.4,4152.0,22.4,56.6,17.8,42.0,Dallas County
48113016706,48113,,,,,,,,,36654.0,41.0,12.0,30.7,65.6,46.0,2359.0,25.9,53.2,19.8,27.6,Dallas County
48113016707,48113,,,,,,,,,55482.0,7.8,4.4,34.4,90.4,7.8,5096.0,5.6,87.1,6.4,28.4,Dallas County
48113016708,48113,,,,,,,,,113855.0,0.0,3.7,29.8,89.6,1.7,6979.0,16.2,76.9,4.8,29.7,Dallas County
48113016709,48113,,,,,,,,,44732.0,17.4,8.9,31.5,71.6,17.8,3633.0,25.2,37.2,37.4,34.6,Dallas County
48113016710,48113,,,,,,,,,57747.0,21.1,3.7,40.5,72.3,18.5,5573.0,14.8,59.9,21.3,31.1,Dallas County
48113016711,48113,,,,,,,,,52062.0,15.9,6.8,37.4,85.1,18.8,2053.0,11.2,77.6,8.6,33.5,Dallas County
48113016802,48113,0.0,0.0,61.684494993460206,14.8664550890543,8.440323347598671,79118.0,149.0,1.32043531154767,83453.0,10.5,3.9,32.6,85.0,15.9,5094.0,28.9,62.9,3.6,38.2,Dallas County
48113016803,48113,1.0,1.0,42.7623815560007,22.7005358225405,23.1547196593329,45858.0,469.0,2.33145233901793,49861.0,11.7,8.8,27.8,81.0,18.0,5873.0,27.0,57.3,11.8,34.2,Dallas County
48113016805,48113,,,,,,,,,82957.0,9.8,9.4,26.7,94.3,13.8,4285.0,4.2,86.3,3.9,27.4,Dallas County
48113016806,48113,,,,,,,,,71111.0,10.2,10.9,30.4,88.3,14.5,5736.0,11.9,78.9,8.9,37.4,Dallas County
48113016902,48113,0.0,0.0,100.000000008982,55.8379557478192,29.365932294465303,40603.0,287.0,2.01933714551754,39929.0,26.6,4.0,33.0,69.0,25.5,6619.0,34.1,38.3,21.8,30.9,Dallas County
48113016903,48113,1.0,1.0,99.99999999659799,54.46964227273931,26.586826347305397,46719.0,302.0,3.15365339202106,50881.0,17.3,6.8,32.0,73.0,24.1,6549.0,37.7,27.9,33.8,34.6,Dallas County
48113017005,48113,,,,,,,,,63463.0,21.8,7.1,36.9,68.7,22.1,5403.0,63.3,15.5,20.4,23.4,Dallas County
48113017006,48113,,,,,,,,,68482.0,6.9,7.4,41.7,75.9,10.5,6086.0,79.0,7.9,10.9,40.3,Dallas County
48113017007,48113,,,,,,,,,57687.0,17.5,10.0,38.7,70.2,23.1,5911.0,47.4,10.0,41.1,25.3,Dallas County
48113017008,48113,,,,,,,,,70710.0,8.6,7.6,38.3,74.0,11.0,5958.0,27.7,32.0,31.7,38.7,Dallas County
48113017009,48113,,,,,,,,,41862.0,15.8,0.0,40.2,65.2,19.6,4912.0,69.7,1.0,26.2,22.0,Dallas County
48113017010,48113,,,,,,,,,71363.0,16.1,4.9,34.8,73.5,15.3,5813.0,48.6,18.0,30.7,26.5,Dallas County
48113017101,48113,1.0,1.0,54.9961112283205,23.8179273683168,16.2051450106505,57045.0,342.0,1.08886863813591,49611.0,11.3,4.4,39.8,63.3,15.9,6973.0,43.3,11.5,43.0,31.3,Dallas County
48113017102,48113,0.0,0.0,100.000000501238,53.263999385208706,22.0625962031811,44564.0,357.0,2.4739911107281802,52645.0,26.1,3.4,35.1,70.9,30.4,6871.0,48.0,17.3,33.9,24.9,Dallas County
48113017201,48113,0.0,1.0,3.26915380545632,1.89327048735388,22.3030518097942,42074.0,471.0,0.0,50977.0,7.3,7.2,33.2,63.5,10.9,6065.0,36.1,20.0,37.5,26.9,Dallas County
48113017203,48113,,,,,,,,,57461.0,14.6,8.2,36.3,69.8,17.5,5545.0,36.7,41.7,19.3,32.9,Dallas County
48113017204,48113,,,,,,,,,51366.0,10.3,9.8,39.0,65.2,10.2,5043.0,43.0,38.9,17.9,28.1,Dallas County
48113017307,48113,,,,,,,,,114338.0,4.1,1.2,31.3,94.1,4.4,3786.0,45.0,17.7,17.2,35.6,Dallas County
48113017308,48113,,,,,,,,,95000.0,10.0,2.5,37.0,88.9,10.9,4685.0,40.3,26.7,13.8,34.7,Dallas County
48113017309,48113,,,,,,,,,93889.0,2.8,0.9,34.5,70.2,2.1,2959.0,51.2,28.8,11.1,27.4,Dallas County
48113017310,48113,,,,,,,,,121518.0,11.6,2.4,38.5,86.2,16.2,3605.0,49.4,36.3,10.2,34.1,Dallas County
48113017311,48113,,,,,,,,,58611.0,9.1,5.6,35.7,73.6,11.0,3026.0,48.1,26.6,19.5,35.0,Dallas County
48113017312,48113,,,,,,,,,81011.0,5.9,0.7,29.2,75.8,8.4,4835.0,55.5,28.3,10.0,33.6,Dallas County
48113017313,48113,,,,,,,,,117245.0,0.0,3.4,40.4,95.9,0.0,4792.0,14.1,69.3,10.5,30.1,Dallas County
48113017314,48113,,,,,,,,,80386.0,7.3,3.7,32.9,82.2,10.3,8926.0,35.3,22.3,31.2,31.1,Dallas County
48113017315,48113,,,,,,,,,76250.0,6.8,13.7,36.3,74.3,11.3,6545.0,46.8,21.5,30.2,34.2,Dallas County
48113017400,48113,0.0,1.0,,,26.954770188610098,44643.0,316.0,,67287.0,13.7,5.4,37.2,76.2,15.5,5155.0,65.2,14.7,18.4,37.6,Dallas County
48113017500,48113,0.0,0.0,14.320654466317201,2.7408023214111896,9.46587537091988,71587.0,156.0,0.529362437730658,96460.0,2.8,4.3,27.7,85.0,2.8,3823.0,56.2,16.1,16.1,38.2,Dallas County
48113017602,48113,0.0,1.0,0.162323042027001,0.0869962370511398,21.7761557177616,50438.0,186.0,0.005353025258763839,73843.0,16.0,7.2,39.1,75.8,20.2,4093.0,55.4,18.3,26.4,37.6,Dallas County
48113017604,48113,0.0,1.0,,,19.285498032092,45769.0,220.0,,51986.0,11.9,3.5,30.4,65.7,10.0,3602.0,41.6,13.7,43.3,30.4,Dallas County
48113017605,48113,1.0,1.0,45.0435321431764,24.7771199454724,26.2655711635303,43542.0,196.0,1.8744330562598301,55563.0,10.8,0.7,28.7,75.4,14.5,3913.0,25.2,39.2,34.8,30.2,Dallas County
48113017606,48113,0.0,1.0,2.05592873817447,1.20676047781594,15.512137359384301,43438.0,252.0,0.049759513713869795,57125.0,17.4,5.0,29.9,63.1,13.2,4855.0,42.0,17.4,31.6,27.9,Dallas County
48113017703,48113,1.0,1.0,15.6394875579012,10.3762415992014,23.4520123839009,41855.0,410.0,0.526559446664136,47443.0,18.8,4.7,30.9,75.6,17.9,6067.0,36.3,22.9,39.5,27.9,Dallas County
48113017704,48113,0.0,1.0,0.0,0.0,27.060416314097104,41067.0,572.0,0.0,62132.0,8.9,3.0,36.6,74.6,12.4,6279.0,48.7,21.3,20.4,32.3,Dallas County
48113017705,48113,,,,,,,,,45364.0,33.6,9.7,26.9,78.8,30.3,3083.0,38.8,42.2,19.0,43.2,Dallas County
48113017706,48113,,,,,,,,,77685.0,9.9,3.3,30.0,81.5,9.9,4941.0,44.3,27.9,13.1,36.8,Dallas County
48113017805,48113,1.0,1.0,26.602006883685604,22.1076102144935,15.5343743662543,45313.0,315.0,3.13093779094988,55021.0,13.1,1.0,28.3,81.3,13.4,5910.0,36.8,41.7,9.6,32.0,Dallas County
48113017806,48113,0.0,1.0,0.511711084679382,0.23255461824957802,12.7076591154261,52483.0,297.0,0.0370559768120405,59662.0,12.9,1.2,42.8,67.8,12.1,4989.0,45.4,7.4,43.6,34.0,Dallas County
48113017808,48113,0.0,0.0,9.89378964317882,1.3128558029623099,8.91134588883785,83221.0,72.0,0.924898843057517,77543.0,12.7,4.9,30.4,88.6,10.3,4096.0,59.7,9.4,19.6,45.2,Dallas County
48113017811,48113,0.0,0.0,0.8694371201459901,0.16853569777240798,7.93689918659108,75648.0,108.0,0.0320957884003844,88389.0,9.2,2.2,32.3,91.1,12.0,5086.0,57.0,16.1,17.9,41.3,Dallas County
48113017812,48113,0.0,0.0,,,10.6354213609734,75302.0,71.0,,72500.0,4.8,7.0,27.1,83.3,11.9,2263.0,63.0,13.0,15.2,37.8,Dallas County
48113017814,48113,0.0,0.0,,,4.17116145271485,83021.0,91.0,,84130.0,8.2,4.1,30.4,80.5,7.7,4880.0,44.8,21.8,13.6,38.3,Dallas County
48113017815,48113,,,,,,,,,72981.0,11.7,2.5,26.5,90.9,15.7,3415.0,53.0,19.4,24.7,32.7,Dallas County
48113017816,48113,,,,,,,,,71584.0,18.8,3.6,34.7,62.1,20.4,5710.0,51.9,5.3,42.7,21.7,Dallas County
48113017817,48113,,,,,,,,,57029.0,0.0,2.4,26.6,84.1,2.1,3011.0,59.2,30.0,5.6,31.3,Dallas County
48113017818,48113,,,,,,,,,69224.0,16.0,14.3,27.5,78.2,14.4,3639.0,31.8,29.2,31.8,38.6,Dallas County
48113017819,48113,,,,,,,,,43591.0,11.0,9.8,25.9,80.9,10.4,2124.0,26.1,53.5,11.1,29.3,Dallas County
48113017820,48113,,,,,,,,,92000.0,7.0,0.8,26.1,86.1,6.2,4400.0,51.5,18.1,30.4,40.4,Dallas County
48113017900,48113,1.0,1.0,37.765489722823396,25.8781193044981,18.1584739545121,48985.0,200.0,2.07268449527497,56837.0,8.0,7.0,29.8,73.5,10.4,4957.0,44.8,13.5,36.5,28.9,Dallas County
48113018001,48113,0.0,0.0,70.4808060758347,27.359340293999203,14.7139379184419,65281.0,251.0,3.68446670681847,49619.0,3.5,2.4,28.6,72.7,6.1,7218.0,61.0,11.5,26.4,31.8,Dallas County
48113018002,48113,0.0,1.0,6.14041254734755,2.15835690366044,22.2943084635801,56531.0,160.0,0.15944239484477302,79179.0,4.1,7.7,31.7,60.6,5.5,3688.0,46.1,28.8,21.4,29.2,Dallas County
48113018105,48113,1.0,1.0,39.9058148525031,21.2447843528461,8.57095763969013,60096.0,246.0,1.24405609608537,69040.0,9.7,5.0,30.0,58.9,10.6,6033.0,40.3,10.0,45.7,33.4,Dallas County
48113018110,48113,0.0,0.0,36.9300661385077,5.45538453590941,2.61011419249592,88453.0,109.0,3.14153379502565,85684.0,4.2,4.1,34.3,84.6,4.8,5715.0,60.3,9.8,15.2,51.4,Dallas County
48113018111,48113,0.0,1.0,,,27.2393763375115,72333.0,492.0,,66466.0,18.7,6.5,33.7,71.8,19.6,6646.0,37.4,28.9,30.6,30.8,Dallas County
48113018120,48113,0.0,0.0,0.361430410043542,0.08743568527054969,6.23052959501558,80856.0,75.0,0.00524336398561417,99476.0,1.7,5.4,29.6,74.1,2.7,5274.0,39.5,20.0,19.8,38.2,Dallas County
48113018121,48113,0.0,0.0,59.2407953048644,16.9406860815252,8.48771266540643,64831.0,306.0,3.25742251600146,58839.0,14.0,3.5,33.4,81.4,18.6,5060.0,42.8,12.5,27.1,31.5,Dallas County
48113018126,48113,0.0,0.0,11.4036846702469,4.7677617552439395,4.88849505242948,80189.0,185.0,0.7679155128860949,91453.0,5.0,10.7,35.9,79.0,11.2,6734.0,56.9,20.2,15.2,39.5,Dallas County
48113018127,48113,0.0,1.0,7.460746702374251,3.54581054897559,14.7828969174677,61490.0,126.0,0.0,74250.0,13.4,6.8,28.9,60.6,13.5,2769.0,38.3,14.6,44.3,34.9,Dallas County
48113018128,48113,0.0,1.0,0.0,0.0,12.475884244373,53721.0,241.0,0.0,56201.0,6.0,9.0,29.5,77.2,7.9,5172.0,33.6,33.2,24.9,30.5,Dallas County
48113018129,48113,1.0,1.0,42.886508289458504,8.27587978592852,8.70526739043024,63182.0,247.0,0.780111379271116,60324.0,6.2,6.1,29.7,75.1,9.3,4269.0,40.5,19.6,36.1,44.1,Dallas County
48113018130,48113,1.0,1.0,89.9733845075985,40.7950354535231,15.72153065929,42473.0,345.0,11.9057323329778,36940.0,27.8,13.6,36.9,86.2,21.3,3862.0,30.8,56.6,10.0,34.1,Dallas County
48113018132,48113,0.0,0.0,38.0271326157774,5.16262470006545,2.62564102564103,85560.0,148.0,0.375364562351855,81375.0,4.2,6.8,33.9,73.6,5.1,6268.0,43.6,13.5,33.1,42.8,Dallas County
48113018133,48113,0.0,0.0,4.08636947520215,1.0911792360943502,3.6918990703851304,79745.0,41.0,0.0315810480084397,97700.0,1.8,6.1,33.7,88.9,2.9,3820.0,64.4,16.8,9.2,39.5,Dallas County
48113018134,48113,0.0,0.0,71.9812591309874,11.404198772993599,3.5977693829825497,89762.0,199.0,0.372808131524194,96135.0,4.5,7.3,36.7,86.4,5.2,4931.0,60.4,19.5,13.3,42.8,Dallas County
48113018135,48113,0.0,0.0,99.9999988713894,24.1022699778672,14.5569620253165,84145.0,88.0,3.73356682070297,86938.0,10.3,3.6,32.3,82.8,10.4,4814.0,79.0,7.5,4.6,31.3,Dallas County
48113018137,48113,0.0,0.0,100.000001510621,23.5307387728212,6.58605608438384,79612.0,117.0,2.80843629733338,67891.0,8.4,4.0,32.9,89.5,6.9,4837.0,44.0,20.5,21.9,33.5,Dallas County
48113018138,48113,1.0,1.0,28.6784040230263,9.60016349938098,17.342683851402597,53804.0,445.0,1.60970190042178,57963.0,16.1,10.0,31.2,80.1,13.1,5045.0,33.5,37.7,12.9,31.1,Dallas County
48113018140,48113,0.0,0.0,3.80738992323679,0.6422429151039091,2.69192422731805,110668.0,113.0,0.0227121813259556,107813.0,1.6,4.4,30.7,90.0,3.2,6192.0,45.5,29.8,12.4,39.7,Dallas County
48113018141,48113,1.0,1.0,99.9999990539903,48.855015136004894,22.405480842425803,41052.0,253.0,3.8164930866335696,42414.0,14.2,1.3,28.4,74.0,18.6,3072.0,40.3,34.7,18.3,31.5,Dallas County
48113018142,48113,0.0,0.0,99.99999968488879,24.3237430903111,7.610568638713381,78750.0,103.0,2.68743708909562,101125.0,0.0,3.6,31.3,73.6,1.7,4289.0,47.4,18.8,15.8,35.8,Dallas County
48113018143,48113,,,,,,,,,136333.0,6.3,2.5,33.0,99.7,10.6,6465.0,55.0,22.5,2.0,42.3,Dallas County
48113018144,48113,,,,,,,,,145391.0,6.1,0.0,37.9,97.0,4.6,4279.0,62.8,26.5,1.1,31.4,Dallas County
48113018145,48113,,,,,,,,,114033.0,4.8,1.4,24.9,80.2,4.9,5195.0,72.0,8.5,8.4,44.7,Dallas County
48113018146,48113,,,,,,,,,171667.0,0.0,1.0,28.1,96.9,0.4,3297.0,67.1,25.7,3.8,49.6,Dallas County
48113018147,48113,,,,,,,,,119167.0,9.2,4.2,24.4,66.9,9.0,5052.0,48.9,14.8,25.1,37.8,Dallas County
48113018148,48113,,,,,,,,,62377.0,17.2,7.0,29.5,69.5,18.4,5085.0,31.7,31.4,14.8,28.8,Dallas County
48113018149,48113,,,,,,,,,153306.0,2.7,6.2,38.6,84.4,5.9,3329.0,46.3,25.7,14.7,42.2,Dallas County
48113018150,48113,,,,,,,,,79167.0,12.0,2.8,31.1,78.3,11.5,3921.0,58.0,30.6,6.1,32.1,Dallas County
48113018151,48113,,,,,,,,,99330.0,5.8,8.6,25.2,91.6,5.4,3610.0,39.0,29.2,12.9,38.6,Dallas County
48113018152,48113,,,,,,,,,78046.0,12.3,3.3,24.9,82.0,12.3,5477.0,51.1,12.9,13.1,37.2,Dallas County
48113018153,48113,,,,,,,,,115400.0,0.9,0.0,28.3,89.9,1.4,7511.0,43.6,13.4,2.3,40.3,Dallas County
48113018154,48113,,,,,,,,,104817.0,5.6,5.7,32.4,90.9,3.8,4830.0,80.6,3.1,6.6,40.3,Dallas County
48113018155,48113,,,,,,,,,139245.0,1.8,5.0,34.8,88.3,2.1,5513.0,47.2,11.1,14.8,41.6,Dallas County
48113018156,48113,,,,,,,,,110559.0,2.1,6.7,30.6,84.3,4.2,5481.0,39.2,29.3,14.2,40.1,Dallas County
48113018157,48113,,,,,,,,,85625.0,8.2,3.9,29.2,84.5,7.2,4197.0,37.4,37.9,4.8,31.2,Dallas County
48113018158,48113,,,,,,,,,95972.0,11.0,13.9,32.2,79.8,10.7,4385.0,44.8,33.5,17.2,32.1,Dallas County
48113018159,48113,,,,,,,,,175444.0,3.9,1.4,33.7,95.3,3.9,5322.0,63.4,6.5,4.7,43.3,Dallas County
48113018203,48113,0.0,0.0,57.217118762630705,19.2848234637274,2.52840909090909,67972.0,193.0,1.7696003411732102,71190.0,11.1,3.5,31.7,74.8,12.0,6263.0,39.9,16.3,28.9,32.4,Dallas County
48113018204,48113,0.0,1.0,,,14.097469148713701,46950.0,237.0,,57061.0,21.7,12.2,26.4,68.4,33.0,4818.0,35.6,9.0,47.6,28.2,Dallas County
48113018205,48113,1.0,1.0,42.1486793737287,20.6935646398504,14.475162957968099,49265.0,264.0,3.08314549538576,58273.0,20.4,5.7,30.6,64.0,21.2,4169.0,34.5,6.1,42.4,28.4,Dallas County
48113018206,48113,0.0,1.0,,,35.687022900763395,41287.0,203.0,,53942.0,21.1,4.2,34.4,55.0,21.8,4081.0,38.4,9.0,47.4,28.0,Dallas County
48113018300,48113,0.0,1.0,,,20.696412420862202,43300.0,237.0,,71215.0,12.4,4.0,27.3,67.4,15.5,7079.0,52.1,1.7,43.9,30.8,Dallas County
48113018401,48113,0.0,0.0,,,24.2587064676617,56023.0,279.0,,66009.0,0.5,0.9,27.9,57.1,7.1,4364.0,50.5,10.8,38.6,33.1,Dallas County
48113018402,48113,0.0,0.0,,,14.011106364801401,73750.0,155.0,,79653.0,24.7,5.4,31.0,72.8,25.5,4313.0,60.0,3.1,33.5,35.1,Dallas County
48113018403,48113,0.0,0.0,,,14.5161290322581,48661.0,41.0,,46415.0,3.1,2.2,37.1,51.5,6.1,1581.0,34.3,24.8,38.1,27.7,Dallas County
48113018501,48113,0.0,1.0,0.0,0.0,28.7337662337662,49625.0,114.0,0.0,74663.0,8.6,2.9,31.0,78.9,9.9,4830.0,54.1,2.4,38.5,24.8,Dallas County
48113018505,48113,0.0,0.0,,,31.0406035056579,33342.0,420.0,,35160.0,13.8,8.2,28.2,59.4,16.4,3776.0,9.6,61.4,18.5,28.0,Dallas County
48113018506,48113,0.0,1.0,0.061255742725880497,0.0390633616659214,27.5862068965517,28733.0,339.0,0.007626325480782041,37903.0,20.3,4.9,23.6,63.3,22.0,3300.0,8.0,83.3,6.6,31.6,Dallas County
48113018507,48113,,,,,,,,,39868.0,19.9,14.8,27.6,66.5,24.3,3906.0,11.3,73.6,11.9,29.9,Dallas County
48113018508,48113,,,,,,,,,35586.0,31.7,11.0,30.3,54.7,41.7,1805.0,17.3,26.8,45.1,35.3,Dallas County
48113018600,48113,0.0,1.0,,,16.1654135338346,61886.0,121.0,,74810.0,4.4,4.8,27.3,75.7,8.4,3925.0,59.0,8.2,22.4,36.3,Dallas County
48113018700,48113,0.0,1.0,,,23.6978801066966,50000.0,365.0,,47962.0,12.2,5.3,31.0,62.3,17.1,7107.0,46.5,3.0,44.3,30.1,Dallas County
48113018801,48113,0.0,1.0,,,20.9551098376313,53432.0,230.0,,65355.0,4.6,5.4,31.7,67.6,6.4,4574.0,49.1,8.3,34.5,35.9,Dallas County
48113018802,48113,0.0,1.0,,,18.75,45395.0,62.0,,60433.0,1.2,1.9,25.4,74.5,5.1,1710.0,50.1,17.7,23.8,29.0,Dallas County
48113018900,48113,0.0,1.0,,,17.2542648253452,54784.0,244.0,,64651.0,9.2,3.4,29.3,73.0,12.7,5803.0,40.3,8.9,25.2,33.8,Dallas County
48113019013,48113,0.0,0.0,,,35.3697749196142,26345.0,729.0,,36656.0,25.9,9.7,31.6,43.9,27.9,5034.0,39.7,15.9,41.0,27.2,Dallas County
48113019016,48113,0.0,1.0,,,24.0094022834117,41058.0,177.0,,61977.0,15.2,3.8,30.1,75.2,17.7,2600.0,42.8,38.0,7.6,30.1,Dallas County
48113019018,48113,0.0,1.0,,,21.0880737196527,47973.0,325.0,,67014.0,10.2,8.8,27.6,80.8,14.0,5025.0,28.1,34.8,9.0,40.0,Dallas County
48113019019,48113,0.0,1.0,,,33.2903558535327,38841.0,464.0,,41528.0,25.1,2.4,22.4,69.9,27.7,7477.0,25.3,51.0,10.8,30.5,Dallas County
48113019020,48113,0.0,0.0,8.048723474605609,2.08663057072256,17.258979206049098,66685.0,158.0,0.6287218801684069,55345.0,6.7,3.8,24.9,70.1,9.4,7396.0,38.6,16.1,25.2,30.7,Dallas County
48113019023,48113,0.0,0.0,0.00285546747304521,0.000424240875010403,1.01384285435757,86088.0,46.0,0.0,103790.0,0.0,0.9,24.3,92.1,0.3,5307.0,77.4,7.7,4.2,39.0,Dallas County
48113019024,48113,0.0,0.0,,,6.02065480114261,69432.0,64.0,,95208.0,6.1,3.8,27.1,82.4,9.0,3801.0,59.5,10.3,7.9,47.1,Dallas County
48113019025,48113,0.0,0.0,34.8407518787693,5.87678964771363,7.23598435462842,92802.0,24.0,0.48726898292101295,88468.0,2.0,2.1,30.1,88.9,3.3,4369.0,52.5,11.9,10.5,48.6,Dallas County
48113019026,48113,0.0,0.0,12.648633180692201,5.39992879165363,17.7141853932584,69456.0,142.0,0.0,71029.0,2.8,3.1,30.2,91.3,8.4,5550.0,54.6,9.7,10.5,50.3,Dallas County
48113019027,48113,0.0,0.0,4.06893907223988,1.41253326155923,12.1119133574007,66250.0,202.0,0.9559877930763451,68453.0,8.4,4.8,26.5,80.3,12.8,7261.0,26.3,23.1,9.9,37.8,Dallas County
48113019028,48113,0.0,1.0,,,10.2058319039451,59167.0,244.0,,68790.0,8.4,3.7,30.0,74.1,8.4,3733.0,45.0,20.3,11.8,33.6,Dallas County
48113019029,48113,0.0,1.0,3.42491256494223,1.52148306117433,16.2802335279399,51298.0,295.0,0.162181703072927,57574.0,8.3,11.2,28.5,76.0,15.2,5836.0,44.6,6.9,12.9,40.1,Dallas County
48113019031,48113,0.0,0.0,8.587516124507498,1.6175085829852098,5.63822751322751,88802.0,0.0,0.04214095580199,115056.0,0.0,4.9,29.0,92.5,2.2,5192.0,61.1,9.8,11.6,45.8,Dallas County
48113019032,48113,0.0,1.0,,,12.302920651331101,50856.0,239.0,,60444.0,14.6,7.2,27.1,61.6,17.1,4824.0,46.1,4.8,26.2,28.0,Dallas County
48113019033,48113,0.0,1.0,,,26.8473983384346,46643.0,166.0,,55185.0,8.5,0.6,23.9,63.0,11.7,4272.0,41.0,12.1,30.5,33.2,Dallas County
48113019034,48113,0.0,1.0,,,20.5573419078242,46429.0,301.0,,36605.0,12.9,6.7,24.9,70.3,17.5,4645.0,31.8,40.1,8.2,35.9,Dallas County
48113019035,48113,0.0,1.0,,,36.241610738255,29718.0,519.0,,37426.0,30.6,7.9,28.8,61.3,33.2,6383.0,22.3,42.8,21.4,26.6,Dallas County
48113019036,48113,0.0,0.0,92.9080492115038,10.356912892085,0.383631713554987,108654.0,0.0,0.9056496094287949,135273.0,3.3,5.9,24.0,89.8,4.5,2598.0,78.4,1.0,8.2,46.8,Dallas County
48113019037,48113,0.0,0.0,78.5605407166032,7.37321867159813,6.02582496413199,110850.0,114.0,5.44062931121778,105682.0,5.8,2.8,23.3,86.0,6.5,3117.0,70.1,10.8,7.0,40.6,Dallas County
48113019039,48113,0.0,0.0,0.0121931901104528,0.00292169102188001,5.36629484473922,90639.0,118.0,0.0,83438.0,7.3,2.9,26.1,78.8,8.4,5895.0,63.6,11.1,14.9,35.8,Dallas County
48113019040,48113,0.0,0.0,0.0,0.0,15.0217604941738,64097.0,150.0,0.0,79468.0,9.8,5.1,20.0,80.9,14.5,8018.0,26.3,50.3,6.6,31.9,Dallas County
48113019041,48113,0.0,0.0,,,1.44796380090498,97254.0,40.0,,112188.0,1.7,1.5,23.3,97.8,3.8,2370.0,65.4,19.2,3.1,43.0,Dallas County
48113019042,48113,0.0,0.0,22.6448597977737,1.68831497181873,3.6999798914136304,104071.0,66.0,0.21533902801468102,88808.0,1.7,3.5,33.9,88.0,3.8,7660.0,42.4,33.9,4.7,31.4,Dallas County
48113019044,48113,,,,,,,,,72321.0,14.5,8.1,30.1,70.3,19.5,3497.0,34.0,9.6,31.9,35.3,Dallas County
48113019045,48113,,,,,,,,,35240.0,24.1,2.7,22.2,79.9,23.4,2572.0,41.0,13.1,21.2,34.9,Dallas County
48113019046,48113,,,,,,,,,65417.0,10.4,7.5,28.5,83.9,10.6,3081.0,36.8,8.9,37.8,31.6,Dallas County
48113019047,48113,,,,,,,,,69225.0,3.1,1.8,28.3,85.1,3.4,4290.0,33.9,34.9,8.7,33.8,Dallas County
48113019048,48113,,,,,,,,,80100.0,4.9,2.9,30.4,88.6,6.9,3995.0,38.1,17.8,33.6,32.7,Dallas County
48113019049,48113,,,,,,,,,61500.0,10.9,8.4,25.6,78.1,13.7,4585.0,39.3,20.1,31.5,26.5,Dallas County
48113019050,48113,,,,,,,,,170313.0,3.5,1.8,28.3,93.2,4.9,3071.0,61.1,7.0,9.8,55.2,Dallas County
48113019051,48113,,,,,,,,,149152.0,1.6,4.8,26.2,96.4,3.0,4843.0,67.6,6.2,6.4,48.9,Dallas County
48113019052,48113,,,,,,,,,86906.0,2.8,6.3,22.7,87.3,9.2,1009.0,51.1,9.3,8.5,28.8,Dallas County
48113019053,48113,,,,,,,,,81721.0,0.0,7.5,23.8,94.5,5.2,1517.0,48.4,33.9,3.4,29.8,Dallas County
48113019101,48113,,,,,,,,,65625.0,15.6,6.5,32.4,83.9,10.1,1157.0,53.4,19.5,2.3,37.4,Dallas County
48113019102,48113,,,,,,,,,89020.0,18.3,7.9,25.2,80.6,19.8,4570.0,57.9,11.1,16.2,37.0,Dallas County
48113019202,48113,0.0,1.0,,,24.2392627369153,64038.0,290.0,,77308.0,11.6,3.9,22.6,74.2,15.4,4976.0,60.0,10.2,20.9,34.8,Dallas County
48113019203,48113,0.0,0.0,,,6.126582278481011,115667.0,63.0,,127308.0,2.7,0.4,24.2,94.4,6.0,3826.0,87.6,0.9,5.6,37.1,Dallas County
48113019205,48113,0.0,0.0,,,2.23380491437081,126875.0,12.0,,166275.0,0.8,7.0,23.0,94.4,1.6,4748.0,74.9,10.2,4.4,35.9,Dallas County
48113019208,48113,0.0,1.0,0.0,0.0,19.0635939323221,41132.0,324.0,0.0,51750.0,13.6,10.6,24.9,62.8,20.8,5764.0,26.5,21.9,46.8,28.9,Dallas County
48113019210,48113,0.0,0.0,25.5028929747452,1.41560346409468,3.75442739079103,130000.0,10.0,1.53625251614975,164539.0,1.1,7.2,24.1,95.7,2.6,4639.0,88.2,2.9,0.9,39.1,Dallas County
48113019211,48113,0.0,0.0,3.21113951142271,0.40031630289586995,6.40366972477064,78973.0,248.0,0.786311064486645,72451.0,4.5,9.6,24.4,87.2,6.8,5777.0,58.7,13.6,8.8,33.4,Dallas County
48113019212,48113,0.0,1.0,,,39.7335783187873,28516.0,314.0,,34710.0,35.3,6.8,25.2,39.1,32.9,3129.0,19.0,7.7,72.6,25.1,Dallas County
48113019213,48113,0.0,0.0,,,47.0437748720864,23110.0,402.0,,35278.0,20.1,13.7,24.1,68.7,29.6,3464.0,24.2,24.1,49.2,38.1,Dallas County
48113019214,48113,,,,,,,,,51330.0,27.4,2.6,26.8,67.4,35.1,5676.0,42.1,7.8,47.5,23.8,Dallas County
48113019215,48113,,,,,,,,,115254.0,2.0,4.5,26.0,89.0,3.7,2384.0,86.3,2.5,7.6,35.6,Dallas County
48113019216,48113,,,,,,,,,70208.0,2.0,2.8,27.3,92.8,12.8,3864.0,77.8,2.5,3.7,37.5,Dallas County
48113019302,48113,0.0,0.0,,,10.7555262289673,250001.0,14.0,,208250.0,1.4,5.9,15.8,97.5,9.5,5752.0,81.1,4.1,5.9,20.5,Dallas County
48113019400,48113,0.0,0.0,,,6.44370122630992,250001.0,0.0,,164663.0,5.6,6.4,19.5,95.6,9.8,4454.0,78.5,0.0,9.2,35.6,Dallas County
48113019600,48113,0.0,0.0,,,0.501138952164009,241250.0,0.0,,241458.0,10.1,6.3,18.1,93.7,10.0,2419.0,87.3,0.0,3.3,41.6,Dallas County
48113019800,48113,0.0,0.0,1.55444515278512,0.225428195349585,2.64940239043825,250001.0,0.0,0.0,247953.0,1.9,5.0,20.3,98.5,4.4,4854.0,95.0,0.2,0.5,42.8,Dallas County
48113019900,48113,0.0,1.0,,,12.701421800947902,54375.0,138.0,,49810.0,5.5,8.8,29.7,76.9,8.3,3799.0,59.4,4.1,33.2,34.7,Dallas County
48113020000,48113,0.0,0.0,45.0502248544723,2.99304097786839,0.149190110826939,166875.0,8.0,0.0497137900466376,176667.0,0.0,2.1,24.5,95.9,1.1,5688.0,35.1,5.9,8.0,39.0,Dallas County
48113020100,48113,1.0,1.0,73.4075718885569,42.629710884224,20.026642984014202,54261.0,72.0,0.7851923939849009,57163.0,11.2,5.2,20.5,66.3,13.3,2104.0,73.2,2.5,19.5,34.4,Dallas County
48113020200,48113,1.0,1.0,25.9522645040408,16.8569770891807,34.2425718460789,37176.0,300.0,2.95376707978508,41181.0,17.5,0.8,32.6,75.6,27.2,4385.0,13.2,73.4,11.5,41.1,Dallas County
48113020300,48113,0.0,1.0,,,34.2963653308481,46645.0,512.0,,40385.0,21.1,1.5,29.8,78.2,27.8,2271.0,24.3,72.7,2.5,40.9,Dallas County
48113020401,48113,,,,,,,,,68177.0,0.0,3.5,22.9,75.7,39.3,2650.0,51.9,29.4,12.5,35.8,Dallas County
48113020402,48113,,,,,,,,,93808.0,0.0,7.1,26.4,85.4,23.7,6288.0,53.1,32.9,7.2,31.5,Dallas County
48113020500,48113,1.0,1.0,80.5128445492723,60.1923082817403,53.6710864832773,21762.0,939.0,26.664829488675203,25191.0,23.4,6.3,27.0,77.4,29.7,6148.0,28.5,47.3,14.0,25.5,Dallas County
48113020700,48113,0.0,0.0,27.652853389082598,7.40708898128337,8.42361264647358,89535.0,19.0,0.625643371512462,88634.0,3.5,3.7,21.3,83.0,7.5,5023.0,75.1,6.4,9.9,48.3,Dallas County
48113020800,48113,,,,,,,,,33800.0,29.9,6.0,28.0,72.4,35.3,7874.0,16.2,64.8,17.8,34.1,Dallas County
48113020900,48113,,,,,,,,,36791.0,6.5,4.7,26.3,68.5,20.5,2209.0,23.2,54.7,13.9,38.4,Dallas County
48113021000,48113,,,,,,,,,44420.0,35.7,8.7,29.2,73.2,36.8,5853.0,34.8,45.4,19.7,35.5,Dallas County
48113021100,48113,,,,,,,,,26160.0,35.6,7.7,30.5,73.3,48.8,4652.0,30.0,57.3,11.3,29.6,Dallas County
48113021200,48113,,,,,,,,,55337.0,12.2,2.1,26.9,68.8,12.6,4674.0,47.1,4.6,45.7,32.0,Dallas County
48113980200,48113,,,,,,,,,6972.0,18.0,4.2,18.2,96.6,67.7,1428.0,48.4,1.3,3.2,21.1,Dallas County
48121020109,48121,0.0,0.0,55.6014476144936,3.97759124944233,2.91574843193762,158980.0,6.0,0.0,195606.0,0.0,2.3,31.7,95.7,0.7,9592.0,55.7,18.8,3.9,34.8,Denton County
48121020110,48121,0.0,0.0,,,2.92850990525409,144492.0,55.0,,183235.0,1.2,6.2,29.9,97.1,1.1,6215.0,49.3,14.8,12.3,40.5,Denton County
48121020111,48121,0.0,0.0,,,0.992495763737594,160793.0,0.0,,249318.0,1.8,1.9,28.8,95.4,2.5,4439.0,64.1,14.2,10.2,38.5,Denton County
48121020112,48121,0.0,0.0,,,3.2196452933151396,118964.0,15.0,,130347.0,1.4,6.0,31.8,94.2,2.9,2958.0,73.8,9.9,2.7,37.3,Denton County
48121020115,48121,0.0,0.0,98.9506519038649,27.0620652180673,8.615107913669071,88750.0,51.0,1.68428705156306,116250.0,4.0,3.1,30.2,86.1,6.4,6344.0,72.2,5.9,14.6,34.6,Denton County
48121020116,48121,,,,,,,,,107658.0,5.3,2.7,30.2,88.5,10.2,6751.0,71.4,7.7,11.9,39.4,Denton County
48121020117,48121,,,,,,,,,107109.0,5.6,3.2,34.2,74.8,6.3,2472.0,79.6,5.7,8.2,42.8,Denton County
48121020118,48121,,,,,,,,,76761.0,4.2,6.9,22.4,80.7,7.5,5247.0,75.8,3.0,19.1,42.5,Denton County
48121020119,48121,,,,,,,,,101042.0,4.7,7.7,39.5,92.2,9.2,4126.0,67.0,23.7,6.1,37.4,Denton County
48121020120,48121,,,,,,,,,118426.0,12.1,2.4,34.2,89.4,13.6,7171.0,62.6,14.2,18.2,32.8,Denton County
48121020121,48121,,,,,,,,,94602.0,17.2,7.2,37.2,89.7,13.4,6125.0,80.8,7.2,7.1,36.3,Denton County
48121020122,48121,,,,,,,,,103094.0,10.3,2.7,39.1,89.2,14.8,4574.0,63.8,22.7,12.8,33.9,Denton County
48121020123,48121,,,,,,,,,91680.0,3.7,1.8,34.2,87.8,7.1,6327.0,68.3,12.2,10.1,34.4,Denton County
48121020124,48121,,,,,,,,,129313.0,0.0,6.8,46.4,99.8,0.6,4043.0,66.2,22.4,6.7,34.7,Denton County
48121020125,48121,,,,,,,,,125404.0,2.9,5.6,45.1,95.9,8.1,8036.0,63.8,20.4,8.5,37.0,Denton County
48121020126,48121,,,,,,,,,95489.0,3.0,2.3,34.1,89.0,6.2,3642.0,58.3,22.0,13.6,33.2,Denton County
48121020127,48121,,,,,,,,,93621.0,7.2,6.3,35.2,83.3,9.1,7499.0,41.2,15.7,9.7,33.5,Denton County
48121020128,48121,,,,,,,,,148317.0,1.8,3.6,35.5,98.9,2.3,11849.0,57.3,10.3,8.3,34.2,Denton County
48121020129,48121,,,,,,,,,110950.0,4.2,8.4,32.8,87.7,4.7,4718.0,74.4,8.7,7.8,38.2,Denton County
48121020130,48121,,,,,,,,,142500.0,0.0,6.6,33.7,95.3,0.3,2433.0,74.4,16.5,2.5,38.0,Denton County
48121020131,48121,,,,,,,,,109853.0,0.0,2.2,35.7,96.6,1.6,7495.0,65.6,17.1,9.3,33.3,Denton County
48121020132,48121,,,,,,,,,121143.0,4.2,16.4,41.3,96.5,14.1,6129.0,46.0,25.0,1.3,37.2,Denton County
48121020133,48121,,,,,,,,,137664.0,2.1,0.9,39.8,85.6,6.7,8010.0,46.6,7.6,10.0,31.7,Denton County
48121020134,48121,,,,,,,,,175469.0,0.0,3.1,45.7,97.7,0.0,6386.0,32.7,26.9,5.9,37.6,Denton County
48121020135,48121,,,,,,,,,102426.0,1.2,6.1,42.4,87.2,4.3,6390.0,53.8,35.4,7.4,32.5,Denton County
48121020136,48121,,,,,,,,,132954.0,3.2,3.2,55.3,77.1,2.7,3929.0,22.9,42.6,23.5,38.2,Denton County
48121020137,48121,,,,,,,,,134732.0,7.8,0.0,30.8,96.6,5.1,3454.0,46.5,23.8,9.3,34.3,Denton County
48121020203,48121,0.0,0.0,48.3238882508083,12.908929392961399,8.17600249648931,69479.0,142.0,2.04676608645219,96313.0,2.5,0.8,30.4,86.7,5.9,6932.0,81.0,3.7,11.4,31.4,Denton County
48121020204,48121,0.0,0.0,91.6498076902559,15.6896116247816,4.11023996198622,85295.0,104.0,0.42967321735839104,70689.0,3.3,4.5,30.8,82.7,5.6,6154.0,81.0,7.0,6.1,45.1,Denton County
48121020205,48121,0.0,0.0,100.000000376982,26.4863304137879,13.1443298969072,93750.0,28.0,2.25986042896835,109708.0,0.0,4.1,32.9,88.4,3.3,2731.0,83.8,1.1,5.3,44.3,Denton County
48121020206,48121,,,,,,,,,72064.0,6.7,1.8,30.9,84.8,10.5,2938.0,77.9,0.0,20.2,42.2,Denton County
48121020207,48121,,,,,,,,,105313.0,6.2,0.4,31.0,89.1,9.0,3443.0,90.2,1.0,5.1,45.1,Denton County
48121020208,48121,,,,,,,,,89918.0,0.0,0.9,35.3,61.9,2.8,3350.0,88.7,5.0,4.2,41.2,Denton County
48121020305,48121,0.0,0.0,83.8225766037465,5.78796024258698,3.6078431372549,140625.0,17.0,1.82948999798575,167083.0,1.6,1.7,27.6,93.7,1.9,7072.0,86.2,0.2,7.6,46.8,Denton County
48121020310,48121,0.0,0.0,99.9999996517861,14.758767212877,3.82571732199787,98529.0,22.0,0.170700378161819,102554.0,2.8,1.2,29.5,98.8,3.8,4532.0,95.1,0.6,2.5,70.9,Denton County
48121020311,48121,,,,,,,,,91390.0,0.0,0.0,23.2,90.9,0.8,3223.0,59.7,3.5,11.9,35.8,Denton County
48121020312,48121,,,,,,,,,126917.0,12.1,9.8,29.5,97.7,11.7,7967.0,68.0,10.3,13.2,32.1,Denton County
48121020313,48121,,,,,,,,,106382.0,9.4,1.4,35.3,94.7,10.0,4976.0,91.7,2.2,2.3,40.9,Denton County
48121020314,48121,,,,,,,,,107173.0,0.7,4.6,31.0,91.9,2.5,12102.0,74.2,6.3,13.0,35.5,Denton County
48121020315,48121,,,,,,,,,117888.0,21.0,6.5,26.7,84.9,26.7,4183.0,82.1,2.2,10.7,35.9,Denton County
48121020316,48121,,,,,,,,,210395.0,0.0,0.0,29.2,92.6,1.4,3628.0,91.4,0.4,6.8,51.2,Denton County
48121020317,48121,,,,,,,,,146786.0,5.8,0.3,36.9,92.1,10.6,5148.0,75.8,3.8,8.1,39.6,Denton County
48121020318,48121,,,,,,,,,121659.0,1.2,6.3,31.8,93.9,1.2,5466.0,80.9,5.3,7.8,42.2,Denton County
48121020319,48121,,,,,,,,,114514.0,0.0,6.4,31.7,91.0,1.7,6696.0,75.0,4.8,11.5,33.4,Denton County
48121020320,48121,,,,,,,,,116315.0,2.4,3.8,39.8,89.7,3.3,10987.0,58.5,10.1,19.2,33.9,Denton County
48121020321,48121,,,,,,,,,210286.0,2.0,3.5,23.7,98.4,1.6,6682.0,77.2,0.2,12.2,39.1,Denton County
48121020322,48121,,,,,,,,,129427.0,6.1,5.3,24.5,87.8,5.7,7758.0,75.8,1.6,13.7,40.2,Denton County
48121020402,48121,0.0,0.0,4.800431553723159,0.706532358961474,3.93671817512877,82470.0,42.0,0.0,77344.0,5.8,3.8,24.7,90.7,6.1,6737.0,71.7,8.4,12.9,36.0,Denton County
48121020403,48121,0.0,1.0,,,28.2620614035088,60368.0,68.0,,76700.0,6.6,6.0,22.4,78.6,15.6,3876.0,89.7,1.8,3.4,30.9,Denton County
48121020404,48121,,,,,,,,,73519.0,3.9,2.9,33.3,71.1,11.7,4968.0,70.0,2.4,11.0,35.8,Denton County
48121020405,48121,,,,,,,,,117500.0,2.5,5.4,31.7,82.9,8.0,4974.0,85.0,0.7,9.0,35.4,Denton County
48121020504,48121,0.0,0.0,100.00000024004501,47.7887236142585,19.1713048855906,46211.0,232.0,2.91964240696461,92708.0,9.7,1.9,31.9,86.7,10.3,4602.0,61.9,13.1,23.6,28.4,Denton County
48121020505,48121,0.0,0.0,61.966656277015595,7.82276579328444,8.60696517412935,95482.0,44.0,0.9817239957928989,98804.0,0.4,2.3,22.5,96.4,4.1,7408.0,82.6,1.7,12.6,46.3,Denton County
48121020506,48121,0.0,0.0,100.000000019001,35.7942040081709,3.11284046692607,88906.0,59.0,1.53596196127384,82083.0,2.1,1.6,34.5,76.7,2.1,1921.0,72.0,0.0,20.6,36.5,Denton County
48121020507,48121,,,,,,,,,76127.0,16.4,3.0,23.9,83.0,20.9,3235.0,83.3,6.5,6.5,30.1,Denton County
48121020508,48121,,,,,,,,,60469.0,8.8,2.0,24.7,87.2,14.6,3090.0,64.8,12.8,8.3,29.5,Denton County
48121020601,48121,1.0,1.0,10.984361956569499,6.719316927890021,33.8174273858921,50986.0,223.0,1.5987349132184299,34896.0,31.8,8.2,21.1,81.3,27.8,5076.0,51.6,23.7,16.3,22.2,Denton County
48121020603,48121,,,,,,,,,70066.0,6.8,7.9,33.1,76.4,7.6,3544.0,58.3,15.5,19.9,25.5,Denton County
48121020604,48121,,,,,,,,,74346.0,0.0,4.4,23.2,92.0,11.0,3317.0,78.5,7.6,8.2,30.2,Denton County
48121020605,48121,,,,,,,,,71250.0,15.2,5.4,26.9,73.1,27.9,2798.0,66.5,6.6,22.1,28.7,Denton County
48121020700,48121,0.0,1.0,6.23856543472626,3.0319328185465197,33.446969696969695,54261.0,72.0,0.184767171951597,29955.0,2.5,7.1,16.7,80.2,37.9,3510.0,74.3,11.5,6.0,26.2,Denton County
48121020800,48121,1.0,1.0,58.488447540049805,38.1106952884548,40.1855817273376,52917.0,148.0,1.4863752293524701,55102.0,1.8,6.0,18.1,70.3,33.6,6791.0,63.3,15.9,17.4,25.7,Denton County
48121020900,48121,1.0,1.0,53.31866441665159,28.827360993039402,41.7083144025443,38750.0,102.0,5.61604751543275,26656.0,17.1,7.2,18.9,74.1,36.0,4566.0,55.1,18.0,12.6,20.9,Denton County
48121021000,48121,1.0,1.0,91.6580542815286,65.51986969037699,36.627527723418105,40811.0,51.0,7.2580929382010995,33805.0,7.9,9.7,19.4,81.5,26.3,6360.0,56.6,17.5,12.9,20.1,Denton County
48121021100,48121,1.0,1.0,59.927773567894704,43.3218486284732,39.5463510848126,51393.0,173.0,6.03428519562404,36042.0,11.9,4.0,23.7,83.8,33.9,3028.0,82.4,2.5,3.4,26.5,Denton County
48121021202,48121,0.0,1.0,,,18.344907407407398,59063.0,262.0,,67906.0,5.5,13.0,19.7,83.8,7.0,4196.0,50.8,31.8,12.3,35.1,Denton County
48121021203,48121,,,,,,,,,44800.0,43.0,6.4,19.1,83.0,37.3,3805.0,46.9,26.5,19.4,28.0,Denton County
48121021204,48121,,,,,,,,,45297.0,27.0,7.8,20.4,82.7,35.5,3881.0,59.3,34.2,1.7,24.7,Denton County
48121021301,48121,0.0,1.0,0.0147707972702108,0.00997874487607326,48.2571299230421,60625.0,134.0,0.00045643175979173103,31567.0,21.9,7.5,26.3,71.4,44.4,4335.0,57.0,17.3,6.7,22.7,Denton County
48121021304,48121,0.0,0.0,55.8118233336825,7.832643522728421,9.31426475980931,91895.0,153.0,0.6808724844780399,62950.0,9.8,4.1,28.6,83.5,14.3,6565.0,66.7,9.3,22.1,38.0,Denton County
48121021305,48121,0.0,0.0,13.1167754274007,1.43928418819767,12.6293995859213,108631.0,69.0,0.23618647718814298,86569.0,16.4,2.0,22.3,83.7,13.5,3751.0,72.0,6.7,10.9,40.3,Denton County
48121021306,48121,,,,,,,,,95964.0,7.3,8.7,24.1,94.1,10.9,3220.0,62.5,14.6,8.9,38.6,Denton County
48121021307,48121,,,,,,,,,114297.0,2.1,2.8,24.3,82.1,6.7,5430.0,71.0,4.1,11.7,37.3,Denton County
48121021410,48121,,,,,,,,,149050.0,4.1,1.3,28.6,89.7,4.0,4519.0,76.9,6.0,6.8,43.4,Denton County
48121021411,48121,,,,,,,,,72200.0,0.8,4.0,27.0,79.7,3.6,7020.0,84.4,3.2,8.1,39.2,Denton County
48121021412,48121,,,,,,,,,132054.0,3.3,4.4,27.8,91.9,4.5,5575.0,79.6,9.0,8.5,42.3,Denton County
48121021413,48121,,,,,,,,,115114.0,3.4,1.9,24.6,89.5,5.1,3444.0,86.8,2.7,2.0,34.9,Denton County
48121021414,48121,,,,,,,,,74396.0,7.7,0.0,30.8,74.1,8.0,4967.0,67.3,0.8,21.7,31.0,Denton County
48121021415,48121,,,,,,,,,118274.0,2.5,2.2,28.7,91.8,2.1,9126.0,60.0,11.7,18.5,33.7,Denton County
48121021416,48121,,,,,,,,,90193.0,8.2,0.0,23.8,82.6,17.1,4632.0,59.5,10.3,28.4,38.7,Denton County
48121021417,48121,,,,,,,,,136319.0,8.5,0.0,30.3,89.6,8.1,2401.0,74.6,0.6,7.7,45.4,Denton County
48121021418,48121,,,,,,,,,140125.0,3.0,4.9,24.9,96.4,4.6,4670.0,74.1,13.4,6.1,42.2,Denton County
48121021419,48121,,,,,,,,,97807.0,0.0,3.1,27.5,89.0,1.3,5031.0,79.1,6.5,10.7,35.0,Denton County
48121021420,48121,,,,,,,,,119583.0,5.2,1.8,26.8,85.2,7.0,3351.0,74.2,18.0,3.3,40.3,Denton County
48121021421,48121,,,,,,,,,88833.0,6.8,3.2,26.3,91.5,5.2,3732.0,69.4,5.0,10.6,34.7,Denton County
48121021422,48121,,,,,,,,,94977.0,2.3,4.3,28.0,94.7,5.9,4107.0,85.9,3.7,4.8,42.0,Denton County
48121021423,48121,,,,,,,,,77627.0,3.8,3.7,25.1,94.2,6.8,2928.0,71.4,10.7,8.7,36.4,Denton County
48121021502,48121,0.0,0.0,96.8545945456939,48.548084897001495,20.3679369250986,51599.0,261.0,2.50011803081309,80310.0,9.1,3.8,27.7,71.5,13.4,5645.0,65.5,11.8,19.9,34.5,Denton County
48121021505,48121,0.0,0.0,7.83013999620989,1.40030042724399,5.15243358887502,83093.0,96.0,0.060113026235282994,110986.0,1.8,5.0,30.4,94.8,2.3,7272.0,66.3,5.3,6.9,33.9,Denton County
48121021512,48121,0.0,0.0,95.2946210380442,5.43477155752181,4.9580004097521,181364.0,9.0,0.587827294057516,182007.0,1.9,3.1,28.7,95.0,1.7,5240.0,91.6,2.4,1.7,44.2,Denton County
48121021513,48121,0.0,0.0,71.0044977980462,5.72074946396065,3.08743169398907,139960.0,30.0,0.0,144338.0,0.0,3.5,31.6,93.7,0.9,3249.0,91.2,1.3,5.8,48.5,Denton County
48121021514,48121,0.0,0.0,21.4303685601711,0.988760003950797,1.7926565874729998,128974.0,22.0,0.212239404672632,155556.0,1.3,4.2,26.3,94.5,1.4,4341.0,82.4,2.9,7.2,41.4,Denton County
48121021516,48121,0.0,0.0,27.114369317526098,3.0084320794398,4.38607840600336,102723.0,56.0,0.0,117583.0,4.5,4.3,30.3,87.3,10.1,6668.0,67.6,11.6,10.0,45.3,Denton County
48121021517,48121,0.0,0.0,55.697883107788,15.109756791918299,9.252765039115191,74643.0,24.0,2.64928742594826,79936.0,3.4,1.6,23.9,91.1,5.1,4040.0,37.1,19.4,10.5,32.6,Denton County
48121021518,48121,0.0,0.0,13.080167793570698,1.77757759776262,1.8494484101233,101645.0,31.0,0.0,132734.0,1.3,3.1,33.5,89.3,1.0,2583.0,66.8,6.7,12.0,49.2,Denton County
48121021520,48121,0.0,0.0,11.0377453833491,3.51644988582046,11.1139434106551,81357.0,153.0,0.551490454290841,100039.0,8.5,5.0,25.1,84.9,10.1,3987.0,61.6,16.8,13.9,33.1,Denton County
48121021521,48121,0.0,0.0,2.13639576517729,0.499304224651564,13.5760790933205,93243.0,67.0,0.0262478430929478,115563.0,12.2,7.1,29.2,89.6,14.1,4523.0,66.3,14.8,13.6,37.4,Denton County
48121021522,48121,0.0,0.0,85.8085029517631,6.68498766125485,4.33156746650047,151375.0,22.0,2.98789052207688,140000.0,3.5,2.0,30.2,94.5,4.3,5104.0,40.7,14.4,4.6,34.0,Denton County
48121021526,48121,0.0,0.0,0.00769116109213294,0.00104769740684217,2.40609544178586,146174.0,19.0,0.00128763152307339,147365.0,3.5,3.3,29.7,92.1,3.2,7930.0,69.2,2.9,5.6,37.2,Denton County
48121021528,48121,,,,,,,,,185515.0,0.0,1.6,26.0,94.0,1.1,2606.0,73.5,1.0,14.2,36.6,Denton County
48121021529,48121,,,,,,,,,184444.0,4.6,4.7,32.1,90.3,4.0,4666.0,63.1,4.9,13.9,40.4,Denton County
48121021530,48121,,,,,,,,,117739.0,0.0,8.1,21.1,90.5,2.2,3261.0,58.9,3.0,19.1,33.5,Denton County
48121021531,48121,,,,,,,,,125871.0,4.7,4.4,32.2,93.6,6.2,4272.0,62.2,11.1,9.6,45.0,Denton County
48121021532,48121,,,,,,,,,86592.0,1.8,3.2,27.4,89.4,6.0,4269.0,57.3,10.4,1.7,33.8,Denton County
48121021533,48121,,,,,,,,,120745.0,2.2,5.3,26.5,92.4,3.5,5889.0,54.5,10.5,12.8,36.7,Denton County
48121021534,48121,,,,,,,,,223571.0,4.2,1.7,37.0,96.0,4.5,6077.0,59.5,14.8,0.0,42.4,Denton County
48121021535,48121,,,,,,,,,74440.0,3.0,15.1,32.9,99.0,3.0,3897.0,95.3,2.2,1.2,73.5,Denton County
48121021536,48121,,,,,,,,,94863.0,4.0,6.7,36.7,93.4,6.1,6227.0,58.9,10.6,9.2,38.8,Denton County
48121021537,48121,,,,,,,,,141193.0,1.3,6.3,36.8,89.4,4.6,5392.0,67.0,11.8,3.1,36.2,Denton County
48121021538,48121,,,,,,,,,160207.0,0.0,1.6,25.6,90.4,1.5,7154.0,54.0,12.0,12.7,35.0,Denton County
48121021539,48121,,,,,,,,,207076.0,0.0,0.3,35.1,94.7,0.3,8333.0,48.0,5.3,3.9,37.4,Denton County
48121021540,48121,,,,,,,,,223939.0,2.2,3.5,27.8,98.7,1.1,6081.0,46.2,7.2,2.1,35.5,Denton County
48121021611,48121,0.0,0.0,,,12.085255987695,85667.0,75.0,,114076.0,3.4,3.4,24.4,89.5,7.7,3903.0,51.7,11.0,14.0,40.4,Denton County
48121021612,48121,0.0,0.0,0.862164891328934,0.181809307551691,6.78221552373775,83365.0,50.0,0.0601509161707428,102555.0,9.3,6.2,24.9,88.5,16.8,3656.0,62.2,5.0,14.5,40.3,Denton County
48121021613,48121,0.0,1.0,2.96027174273741,0.625624458143478,12.3018042646255,57928.0,179.0,0.0,70457.0,7.6,4.1,23.1,76.5,9.1,6023.0,40.2,12.1,24.7,34.1,Denton County
48121021614,48121,1.0,1.0,22.2160347873752,7.40463121679177,12.3058542413381,62788.0,108.0,0.746574594179191,97944.0,4.4,3.2,24.9,78.3,7.7,4241.0,57.1,2.8,24.6,39.2,Denton County
48121021615,48121,0.0,0.0,1.08159573467927,0.266787200976329,7.064777327935221,66304.0,68.0,0.0,101149.0,3.7,2.2,27.4,79.9,3.9,4608.0,51.6,4.3,36.3,39.0,Denton County
48121021616,48121,1.0,1.0,21.1510482067408,4.64122346112707,18.4311947404217,47246.0,201.0,0.0,63457.0,17.1,5.9,26.8,81.4,21.2,4933.0,59.4,18.3,12.9,37.4,Denton County
48121021618,48121,0.0,0.0,1.44184107873674,0.5014088003933931,9.756696977144259,63485.0,133.0,0.019570158081099,67525.0,29.6,1.9,25.1,73.0,32.0,4890.0,74.9,4.8,13.8,31.9,Denton County
48121021619,48121,0.0,1.0,3.12954618478512,0.674111428800228,19.2509625481274,47167.0,154.0,0.442578859505392,77500.0,4.8,1.3,23.2,79.2,5.8,3500.0,54.6,3.5,34.6,27.3,Denton County
48121021620,48121,0.0,0.0,0.0,0.0,9.07003444316877,53214.0,66.0,0.0,70294.0,8.4,4.9,25.2,87.2,11.0,3359.0,40.6,30.0,7.6,29.7,Denton County
48121021621,48121,0.0,0.0,0.05405405566499039,0.00696104865621876,3.21252059308072,130588.0,47.0,0.0,150859.0,0.0,6.1,25.6,87.4,0.7,3523.0,70.3,1.8,5.1,48.8,Denton County
48121021622,48121,0.0,0.0,24.057883821172197,3.61051533083591,4.327272727272731,122188.0,7.0,0.218035242351839,146628.0,5.6,2.0,25.9,95.4,6.5,6601.0,52.6,6.0,7.2,42.1,Denton County
48121021630,48121,0.0,0.0,,,5.587275693311581,84089.0,150.0,,104512.0,6.2,3.8,22.0,80.7,8.5,5494.0,56.6,15.4,10.0,38.3,Denton County
48121021631,48121,0.0,0.0,6.0638580082576,0.614757989075741,4.17586460632818,123085.0,22.0,0.0,143516.0,1.9,5.3,27.2,93.7,3.6,5664.0,57.6,6.9,14.4,44.3,Denton County
48121021632,48121,0.0,0.0,74.084470095987,9.009203556473249,5.65034965034965,121500.0,61.0,0.0,120429.0,0.0,5.9,24.2,93.1,3.4,3340.0,68.7,16.3,3.7,47.9,Denton County
48121021633,48121,0.0,0.0,11.6383688806168,2.32767376677576,2.52631578947368,113456.0,45.0,0.48024301987621004,136250.0,3.5,1.4,27.2,86.6,4.8,4992.0,64.4,3.0,16.1,39.9,Denton County
48121021634,48121,0.0,1.0,,,11.591390261115,53068.0,143.0,,49129.0,25.2,2.1,22.6,79.3,21.2,4548.0,41.4,25.0,19.9,33.1,Denton County
48121021635,48121,0.0,1.0,,,11.3180515759312,48191.0,172.0,,63242.0,9.4,3.5,27.1,89.2,12.0,4509.0,44.6,36.2,13.0,36.2,Denton County
48121021637,48121,0.0,1.0,0.385007740823119,0.145662731952755,17.7772758075446,45793.0,255.0,0.0516555908252801,47385.0,18.6,1.3,21.3,76.7,22.4,4222.0,40.5,40.0,8.1,33.2,Denton County
48121021638,48121,0.0,1.0,8.463614059978699,1.78956049662757,10.0910273081925,63125.0,82.0,0.57372947304235,53618.0,4.5,3.1,26.7,77.0,8.3,4184.0,48.0,17.0,12.7,35.0,Denton County
48121021639,48121,,,,,,,,,110000.0,4.7,4.9,23.4,90.7,4.3,3135.0,71.9,5.7,9.6,43.0,Denton County
48121021640,48121,,,,,,,,,99886.0,5.0,0.0,35.4,88.4,4.1,2676.0,52.4,7.5,23.8,37.7,Denton County
48121021641,48121,,,,,,,,,56791.0,7.9,12.2,26.5,89.4,13.2,4095.0,44.9,32.4,5.3,30.7,Denton County
48121021642,48121,,,,,,,,,54639.0,4.4,0.9,24.6,89.7,7.1,3283.0,32.5,29.3,27.6,35.3,Denton County
48121021643,48121,,,,,,,,,168542.0,0.8,7.6,26.5,97.0,2.0,5148.0,46.5,10.7,3.4,40.4,Denton County
48121021644,48121,,,,,,,,,189856.0,0.0,2.4,29.4,93.7,1.3,2065.0,58.5,1.4,18.6,49.3,Denton County
48121021645,48121,,,,,,,,,33397.0,44.4,9.7,27.5,84.0,61.4,1577.0,15.0,6.0,68.8,22.0,Denton County
48121021646,48121,,,,,,,,,81449.0,4.1,3.6,23.6,93.4,5.7,5896.0,53.2,26.1,3.7,34.4,Denton County
48121021647,48121,,,,,,,,,77897.0,3.6,2.0,21.1,93.0,5.0,4276.0,68.1,5.4,7.6,34.8,Denton County
48121021648,48121,,,,,,,,,114871.0,7.7,5.2,27.2,93.3,7.9,3233.0,85.3,5.3,4.2,60.5,Denton County
48121021649,48121,,,,,,,,,89531.0,0.0,4.6,19.7,86.7,1.1,3810.0,33.4,18.6,5.6,41.1,Denton County
48121021650,48121,,,,,,,,,114621.0,3.5,6.1,27.4,92.0,5.4,4935.0,29.4,9.6,4.6,36.3,Denton County
48121021651,48121,,,,,,,,,115853.0,7.0,4.0,22.5,93.9,5.1,6157.0,47.5,16.5,4.5,36.8,Denton County
48121021652,48121,,,,,,,,,207917.0,5.7,0.9,29.2,95.7,7.9,3575.0,56.8,3.7,2.3,45.5,Denton County
48121021653,48121,,,,,,,,,119676.0,1.4,0.9,30.8,92.8,1.8,2580.0,45.0,7.8,4.8,33.9,Denton County
48121021654,48121,,,,,,,,,141223.0,3.6,2.0,25.4,87.1,4.9,3931.0,39.1,6.8,4.5,34.3,Denton County
48121021655,48121,,,,,,,,,83472.0,0.0,0.3,20.2,95.7,3.1,2272.0,76.2,2.8,10.5,28.5,Denton County
48121021715,48121,0.0,0.0,4.65572109997824,0.398405277152994,5.29977491303458,113173.0,67.0,0.05153876504087759,101557.0,1.4,2.7,24.6,95.1,3.1,4819.0,52.2,9.1,17.4,38.7,Denton County
48121021716,48121,0.0,0.0,6.74579887883694,0.145915782677396,6.33667591209729,92250.0,145.0,0.0,63896.0,11.9,7.2,19.4,91.6,11.3,5352.0,55.5,17.8,6.7,37.8,Denton County
48121021717,48121,0.0,0.0,,,5.30366404550778,81184.0,162.0,,68956.0,9.1,3.9,24.2,84.1,14.3,5462.0,74.8,8.0,11.3,41.2,Denton County
48121021719,48121,0.0,0.0,17.6911892467158,1.3834585633352,1.74223341729639,157125.0,49.0,0.42737424334269797,162457.0,5.5,4.4,23.0,93.8,5.0,5567.0,81.3,5.7,5.9,44.6,Denton County
48121021720,48121,0.0,0.0,0.753720615036126,0.0480506827386177,0.337647720877884,147159.0,5.0,0.0264964534929304,209583.0,0.0,2.1,27.8,97.9,0.0,3221.0,62.9,4.8,6.0,41.6,Denton County
48121021721,48121,0.0,0.0,73.57546395747279,8.26164751094343,2.30554261760596,108750.0,73.0,0.0,116966.0,0.0,4.2,26.3,95.3,0.9,4141.0,72.4,3.6,4.9,35.9,Denton County
48121021722,48121,0.0,0.0,4.8185539363343,0.44980254401395403,2.4462061155152903,91293.0,82.0,0.0,98250.0,0.8,6.5,27.6,94.6,2.5,3819.0,70.2,3.9,12.2,37.8,Denton County
48121021723,48121,0.0,0.0,71.6773732625384,10.4306900297114,12.871287128712899,88719.0,63.0,2.50956651419114,106250.0,0.0,2.4,28.4,95.1,1.6,1404.0,55.3,6.7,12.3,36.7,Denton County
48121021724,48121,0.0,0.0,8.850326537497399,0.224363505913869,1.04811815150071,156316.0,15.0,0.0,184046.0,2.6,2.4,28.9,97.8,3.3,4153.0,74.8,3.3,2.7,42.9,Denton County
48121021725,48121,0.0,0.0,,,1.39822532938962,109063.0,13.0,,134098.0,0.7,9.7,26.3,97.7,2.2,4061.0,79.5,4.3,1.0,45.4,Denton County
48121021726,48121,0.0,0.0,,,2.89135514018692,132061.0,23.0,,154167.0,0.0,4.7,27.0,94.9,0.0,3413.0,82.0,6.2,2.7,38.8,Denton County
48121021727,48121,0.0,0.0,5.6032441805257704,0.45668847910819305,3.7948717948718,155096.0,9.0,0.0706369254193033,158169.0,6.5,1.7,23.4,97.0,7.0,4964.0,55.4,4.1,5.0,44.3,Denton County
48121021728,48121,0.0,1.0,1.96475637499352,1.0912584600567101,9.01262916188289,61845.0,107.0,0.024651959843626198,70592.0,10.6,4.5,21.3,79.5,9.9,3478.0,54.8,15.4,19.2,32.9,Denton County
48121021729,48121,0.0,0.0,0.09928180695734251,0.00725761152556576,2.53586920253587,122404.0,21.0,0.000264220506498458,120714.0,8.4,2.4,27.7,93.2,9.1,2900.0,72.4,6.8,7.8,49.2,Denton County
48121021730,48121,0.0,0.0,19.6090147603413,1.7751334275275001,2.7925531914893598,120799.0,18.0,0.0,125326.0,1.4,3.7,30.8,94.6,1.5,3069.0,73.5,4.6,5.3,41.6,Denton County
48121021731,48121,0.0,0.0,0.197346402438686,0.0016275992184494898,4.57736590845268,111375.0,20.0,0.0,140682.0,0.0,1.8,25.5,92.1,0.8,3225.0,67.4,17.4,4.5,37.5,Denton County
48121021732,48121,0.0,0.0,,,6.75496688741722,63814.0,45.0,,86875.0,1.1,4.1,24.1,88.0,2.7,2035.0,37.0,28.6,14.7,35.3,Denton County
48121021733,48121,0.0,0.0,,,6.867671691792291,61372.0,115.0,,78419.0,0.9,2.7,24.5,84.2,3.8,2632.0,47.5,19.8,17.0,42.0,Denton County
48121021734,48121,0.0,1.0,,,20.750199521149202,49734.0,189.0,,50992.0,8.0,7.0,19.1,81.6,11.9,3757.0,42.6,39.9,9.2,29.5,Denton County
48121021735,48121,0.0,0.0,,,7.537553648068671,66120.0,153.0,,66356.0,0.0,7.3,24.6,83.7,2.5,3964.0,59.7,18.8,7.9,37.2,Denton County
48121021736,48121,0.0,0.0,,,3.20945945945946,75234.0,67.0,,76118.0,0.0,1.1,21.8,80.4,5.8,2602.0,35.5,26.6,21.9,31.1,Denton County
48121021737,48121,0.0,0.0,9.03554886148503,1.95236428390301,9.63746903850484,94297.0,16.0,0.484196187457896,107743.0,2.2,3.0,21.9,85.5,4.8,5568.0,55.7,18.1,9.9,37.2,Denton County
48121021738,48121,0.0,0.0,11.8161444890764,2.98246552347139,11.1695137976347,79757.0,46.0,0.551209643286227,81534.0,4.5,7.1,22.8,83.0,11.1,3282.0,45.3,16.2,15.2,38.1,Denton County
48121021739,48121,0.0,1.0,,,29.8689956331878,37644.0,203.0,,40929.0,26.1,3.0,22.8,72.7,24.9,3343.0,53.9,14.8,18.6,30.6,Denton County
48121021740,48121,0.0,0.0,,,9.096732863549011,75938.0,158.0,,59938.0,13.3,1.6,23.6,79.6,10.5,5312.0,45.8,17.4,24.0,31.1,Denton County
48121021741,48121,0.0,0.0,24.608556307279102,2.09902641311565,4.03517847904811,101786.0,34.0,0.10414561215978499,89511.0,0.0,1.2,27.8,83.1,1.1,2322.0,47.5,21.2,11.5,32.2,Denton County
48121021742,48121,0.0,0.0,0.013722186590697601,0.0022526357286996,11.7377349839523,80025.0,265.0,0.00036132131992540903,93710.0,0.9,5.8,28.2,84.7,5.4,7560.0,54.4,5.7,23.1,35.7,Denton County
48121021743,48121,0.0,0.0,,,10.874467551992,66161.0,235.0,,58370.0,7.0,1.5,28.7,73.2,12.2,3315.0,69.0,6.7,17.2,41.9,Denton County
48121021744,48121,0.0,0.0,,,12.891456369717199,54591.0,113.0,,77717.0,0.0,0.4,28.5,69.6,2.3,3535.0,45.4,0.8,35.6,36.3,Denton County
48121021745,48121,0.0,0.0,,,10.2956893480584,74043.0,275.0,,77955.0,4.3,4.8,21.8,76.0,7.1,5348.0,66.8,2.0,23.2,30.6,Denton County
48121021746,48121,0.0,0.0,30.194252893253896,2.15653012725478,4.1572752316554,150606.0,22.0,0.31215470505215404,197724.0,1.5,1.7,28.4,96.3,2.3,4309.0,86.4,2.8,4.4,45.0,Denton County
48121021748,48121,0.0,0.0,4.83348848179573,0.357746883296163,4.2603550295858,133144.0,7.0,0.0421661257955778,146042.0,0.0,3.1,27.6,93.2,0.8,3957.0,79.8,0.3,13.4,46.1,Denton County
48121021749,48121,0.0,0.0,42.0996531365786,2.20352787048365,2.1007194244604297,191071.0,0.0,0.0726424954800939,226862.0,3.7,2.5,29.6,96.2,3.6,3894.0,86.2,1.6,3.5,43.3,Denton County
48121021750,48121,0.0,0.0,38.7684961425181,2.5238350782125,5.11182108626198,161176.0,9.0,0.0,244833.0,0.5,4.1,30.1,95.7,2.2,4662.0,66.3,3.1,3.6,46.4,Denton County
48121021751,48121,0.0,0.0,22.656426081699298,0.882842522887602,1.86451211932878,181287.0,27.0,0.0,247330.0,2.5,1.8,31.6,95.0,2.7,4877.0,59.1,7.8,4.4,38.6,Denton County
48121021752,48121,0.0,0.0,11.6809294661292,0.40780530089830197,1.50619637750238,158438.0,24.0,0.16822531168069,194904.0,1.5,2.8,25.8,96.7,2.2,4926.0,67.4,2.1,4.0,44.5,Denton County
48121021754,48121,,,,,,,,,220443.0,0.0,1.0,29.5,98.7,0.0,5154.0,86.5,5.5,5.1,40.9,Denton County
48121021755,48121,,,,,,,,,171563.0,0.0,4.0,32.6,97.2,0.6,9485.0,85.6,0.9,6.7,38.7,Denton County
48121021756,48121,,,,,,,,,136442.0,0.0,1.8,26.5,98.3,1.2,3390.0,79.9,1.8,0.9,46.1,Denton County
48121021757,48121,,,,,,,,,157625.0,0.0,5.6,26.8,97.6,0.0,3503.0,89.4,1.3,3.1,45.6,Denton County
48121021758,48121,,,,,,,,,160000.0,2.9,1.4,25.1,97.9,3.8,3857.0,81.7,4.1,1.6,38.8,Denton County
48121021759,48121,,,,,,,,,93143.0,16.8,12.3,22.8,84.1,13.1,1816.0,83.9,2.3,6.2,46.8,Denton County
48121021800,48121,0.0,0.0,50.7319975079079,8.04738507966008,8.63070539419087,154331.0,45.0,4.91175989101776,172019.0,2.5,2.6,24.6,97.3,3.0,4914.0,78.2,5.6,5.0,45.5,Denton County
48121021900,48121,0.0,0.0,31.648581634247503,2.33607010899306,3.3173377842687297,184500.0,44.0,1.07420493167407,228631.0,3.4,3.8,24.8,97.1,4.4,5828.0,73.0,1.8,3.2,40.5,Denton County
48439100101,48439,1.0,1.0,23.071768701036,12.1848526859478,13.762522581704701,59428.0,259.0,0.667149305317393,52971.0,7.9,2.1,25.3,68.7,9.3,4701.0,46.9,0.4,43.8,35.9,Tarrant County
48439100102,48439,0.0,1.0,5.40632206918186,2.14331197072413,19.304502897904598,52083.0,212.0,0.21006844813394598,63586.0,13.7,7.7,22.7,78.9,19.0,4526.0,59.8,2.7,36.2,33.2,Tarrant County
48439100201,48439,0.0,1.0,2.0439713837290396,1.40574337726018,24.087275869518297,37131.0,324.0,0.15433905796904399,50603.0,28.8,6.9,36.1,64.5,33.5,5298.0,39.7,2.8,54.3,26.4,Tarrant County
48439100202,48439,0.0,1.0,6.38375553647889,4.333316541457529,27.042872847196804,44893.0,329.0,0.763316949563367,47420.0,11.0,4.2,24.7,73.5,11.7,4928.0,33.0,0.7,64.2,36.2,Tarrant County
48439100300,48439,0.0,1.0,0.298412171508203,0.228108798127884,23.087378640776702,36729.0,458.0,0.0354934253906638,51250.0,17.2,12.9,20.3,68.4,20.9,5963.0,31.0,17.9,49.6,28.5,Tarrant County
48439100401,48439,,,,,,,,,34577.0,32.9,8.1,23.7,59.9,51.0,2096.0,17.0,0.6,80.2,23.9,Tarrant County
48439100402,48439,,,,,,,,,54719.0,15.4,4.1,26.6,68.8,20.4,3855.0,34.6,0.3,63.3,36.4,Tarrant County
48439100503,48439,,,,,,,,,69295.0,8.7,1.4,28.9,75.4,10.3,3206.0,21.9,6.6,71.1,30.3,Tarrant County
48439100504,48439,,,,,,,,,57123.0,20.2,0.9,27.1,75.7,27.0,4225.0,56.4,0.6,40.5,36.2,Tarrant County
48439100505,48439,,,,,,,,,45288.0,33.2,11.9,23.1,71.4,39.4,6000.0,37.5,25.1,35.2,29.3,Tarrant County
48439100506,48439,,,,,,,,,54754.0,16.7,6.0,21.6,55.5,16.7,5444.0,20.3,8.9,62.1,28.2,Tarrant County
48439100601,48439,0.0,0.0,91.5389217516374,25.3737576876945,13.5852090032154,82292.0,60.0,1.9451606260288201,65923.0,5.0,0.2,25.1,86.9,11.6,2495.0,91.6,2.3,5.3,45.3,Tarrant County
48439100602,48439,1.0,1.0,67.7571532685085,27.6052116297393,10.288713910761201,60868.0,151.0,1.60086988639523,47585.0,10.0,3.8,19.3,83.3,22.8,4342.0,69.6,6.1,21.2,36.4,Tarrant County
48439100700,48439,1.0,1.0,26.7614061745702,11.2147617857936,19.5084485407066,47585.0,248.0,1.62066878064395,62871.0,6.9,4.5,23.1,63.4,11.7,4883.0,56.2,0.3,41.3,32.8,Tarrant County
48439100800,48439,0.0,1.0,,,21.599755762479,44644.0,284.0,,61042.0,15.4,5.1,26.2,72.5,21.7,4893.0,46.4,0.9,51.2,40.2,Tarrant County
48439100900,48439,0.0,1.0,,,28.5563194077208,37240.0,72.0,,35263.0,23.5,8.1,26.4,53.0,25.7,2140.0,42.3,1.9,52.3,33.8,Tarrant County
48439101201,48439,0.0,1.0,23.080604452977898,2.31242349460237,27.3410115172759,55455.0,125.0,0.0,76420.0,0.0,2.3,25.0,78.3,1.9,1993.0,50.3,6.6,36.5,37.2,Tarrant County
48439101202,48439,0.0,1.0,0.188098250757251,0.147174374065851,23.201581027668,43989.0,344.0,0.0,54203.0,5.6,5.0,19.4,70.4,9.2,4978.0,54.2,9.1,32.6,34.0,Tarrant County
48439101301,48439,1.0,1.0,61.7494691258406,27.1677134333699,21.678056188306797,56835.0,386.0,1.68591323481804,59396.0,12.1,7.9,22.5,74.4,14.3,4590.0,45.1,31.6,19.1,38.7,Tarrant County
48439101302,48439,1.0,1.0,65.7259693183736,37.305965592439,33.282208588957104,40950.0,165.0,1.41415409087668,60980.0,24.3,8.5,28.4,74.2,32.8,3365.0,25.1,21.2,52.7,29.2,Tarrant County
48439101401,48439,0.0,0.0,10.7387622545243,3.3915190940960396,12.7679578789018,68859.0,306.0,0.9453270654917001,57358.0,8.4,3.5,25.6,74.3,13.0,6078.0,44.6,23.3,28.5,36.7,Tarrant County
48439101402,48439,0.0,1.0,,,30.446773303916203,36324.0,276.0,,64495.0,8.3,14.7,26.1,58.0,10.8,4500.0,23.8,14.6,56.7,24.9,Tarrant County
48439101403,48439,0.0,0.0,,,32.7639751552795,37865.0,593.0,,43482.0,29.4,16.5,29.2,62.7,30.6,5681.0,34.4,26.1,37.1,27.8,Tarrant County
48439101500,48439,1.0,1.0,34.192179500120204,18.678745426334,27.2458310919849,41273.0,269.0,5.34096791158462,48829.0,28.5,6.1,20.1,76.0,31.4,4690.0,38.0,15.6,42.3,33.4,Tarrant County
48439101700,48439,1.0,1.0,84.9158848008809,78.7853722388053,70.6038739080896,15500.0,324.0,22.3510107932947,41397.0,35.6,18.4,28.2,68.7,53.5,1868.0,42.6,33.9,21.5,38.4,Tarrant County
48439102000,48439,0.0,0.0,0.0,0.0,17.4983142279164,107350.0,30.0,0.0,90106.0,1.0,1.3,17.1,97.3,13.6,4131.0,77.4,6.7,5.6,27.9,Tarrant County
48439102101,48439,,,,,,,,,127515.0,2.0,4.4,17.4,88.4,14.1,2308.0,84.3,2.8,2.6,36.4,Tarrant County
48439102102,48439,,,,,,,,,78077.0,10.2,0.5,21.5,84.4,13.5,2922.0,77.4,7.9,12.0,38.0,Tarrant County
48439102201,48439,0.0,0.0,78.1106870922786,20.7769611171088,13.1233595800525,98750.0,43.0,1.52178407124384,101875.0,6.1,5.1,25.9,84.0,10.0,4144.0,89.6,2.3,5.8,39.6,Tarrant County
48439102202,48439,0.0,0.0,0.10647012001671001,0.0121253018422791,5.8843537414966,173125.0,0.0,0.00792815618364881,99559.0,1.2,1.8,21.5,93.7,3.2,2411.0,91.5,1.9,2.7,57.6,Tarrant County
48439102301,48439,0.0,0.0,,,16.0729800173762,50536.0,327.0,,41300.0,11.3,1.7,34.9,68.0,10.5,3250.0,57.3,10.9,29.8,38.3,Tarrant County
48439102302,48439,1.0,1.0,9.7650083453349,7.575370554150041,16.5534960543219,45046.0,263.0,0.673556417234417,59800.0,13.9,12.5,28.5,69.5,19.5,5243.0,60.7,8.5,23.9,31.4,Tarrant County
48439102401,48439,0.0,0.0,,,18.8492063492063,96098.0,246.0,,69018.0,3.6,2.6,21.4,83.2,8.3,4504.0,70.7,19.3,6.0,34.8,Tarrant County
48439102402,48439,0.0,0.0,,,4.81352992194276,121333.0,62.0,,117330.0,14.1,1.1,22.2,91.1,16.0,4238.0,76.8,9.5,8.4,38.1,Tarrant County
48439102500,48439,0.0,1.0,,,36.9319914608112,36419.0,355.0,,41513.0,12.7,5.0,26.2,69.3,19.6,3887.0,31.0,53.0,12.5,35.1,Tarrant County
48439102601,48439,0.0,1.0,,,20.2022821576763,52946.0,217.0,,43837.0,4.9,5.0,20.7,73.0,13.6,3223.0,66.8,20.8,8.5,41.2,Tarrant County
48439102602,48439,0.0,0.0,,,7.317073170731709,73929.0,133.0,,72234.0,5.4,6.2,24.5,77.6,6.5,3244.0,62.1,8.0,25.7,34.4,Tarrant County
48439102700,48439,0.0,0.0,23.1327147557324,4.87874358208084,10.7756232686981,94659.0,38.0,0.721016705224137,94375.0,4.6,2.1,21.8,85.9,7.2,3326.0,76.2,0.9,14.9,41.2,Tarrant County
48439103500,48439,1.0,1.0,18.5533046262401,12.4819874445461,31.108618433352,36325.0,417.0,5.8941584261565305,38826.0,16.9,5.6,23.3,70.0,20.3,5138.0,24.4,16.2,54.6,26.0,Tarrant County
48439103601,48439,0.0,1.0,11.9615965969861,9.62190053878086,62.016021361815795,17036.0,539.0,1.49454828540384,38750.0,27.2,11.0,22.2,74.3,32.2,2330.0,12.8,49.1,32.8,24.0,Tarrant County
48439103602,48439,1.0,1.0,43.9365809178975,25.053424779989403,37.178423236514504,37986.0,195.0,7.39682601906294,60865.0,18.7,8.1,25.0,74.4,27.3,2838.0,22.0,59.3,18.0,39.1,Tarrant County
48439103701,48439,0.0,1.0,0.00195830714269417,0.00150588434446593,36.6354654186167,26581.0,376.0,0.00048557358371804097,54256.0,14.6,4.6,28.6,67.5,15.8,4255.0,32.1,16.7,49.3,35.4,Tarrant County
48439103702,48439,0.0,0.0,,,35.5185185185185,35982.0,235.0,,56111.0,20.4,18.4,27.6,67.5,25.9,3926.0,10.6,45.1,39.3,26.8,Tarrant County
48439103800,48439,1.0,1.0,69.2291544072432,52.3239628667508,45.978668204093395,25280.0,469.0,7.640512377458331,30043.0,37.6,4.7,33.0,69.8,42.2,3422.0,29.0,42.8,25.1,27.7,Tarrant County
48439104100,48439,0.0,0.0,15.542175069949801,3.11536364248742,11.733952948010499,94018.0,156.0,2.89613659056415,86341.0,7.5,2.1,24.0,83.6,7.9,3395.0,85.4,0.1,12.6,35.3,Tarrant County
48439104202,48439,0.0,1.0,,,21.0274790919952,99310.0,33.0,,97788.0,2.3,0.0,20.3,83.3,16.0,3405.0,87.3,0.3,10.5,32.0,Tarrant County
48439104203,48439,,,,,,,,,104779.0,0.0,18.4,14.4,94.7,5.5,4300.0,65.4,16.0,3.8,19.8,Tarrant County
48439104204,48439,,,,,,,,,183403.0,0.7,0.4,21.5,94.5,4.0,2497.0,96.4,0.0,2.2,43.8,Tarrant County
48439104301,48439,,,,,,,,,29918.0,4.4,10.4,19.3,94.4,49.5,3075.0,86.4,0.9,0.6,21.8,Tarrant County
48439104302,48439,,,,,,,,,91757.0,0.0,1.7,15.8,89.1,7.5,3617.0,78.1,1.0,15.5,30.9,Tarrant County
48439104400,48439,0.0,1.0,,,28.417876673581,65313.0,235.0,,70710.0,12.7,1.5,22.8,74.9,19.2,6025.0,69.9,1.9,22.0,33.1,Tarrant County
48439104502,48439,0.0,1.0,,,29.0635091496233,43419.0,174.0,,58693.0,16.3,2.6,22.4,50.6,19.8,2848.0,54.5,3.7,39.1,40.3,Tarrant County
48439104503,48439,0.0,0.0,,,25.765965300848997,45523.0,152.0,,40625.0,12.3,4.5,26.4,60.7,20.4,2537.0,28.6,0.2,66.4,34.3,Tarrant County
48439104504,48439,0.0,1.0,14.919033881767199,11.6057383027846,25.081116158338702,43438.0,221.0,3.4298210783224397,32930.0,32.3,3.4,25.9,68.5,42.6,3213.0,48.6,6.1,38.8,35.8,Tarrant County
48439104505,48439,0.0,1.0,0.8263690231336831,0.454840237916055,29.681668496158096,27143.0,413.0,0.10837821329095301,39229.0,35.2,6.5,25.9,60.0,35.4,5693.0,21.7,32.1,45.4,31.7,Tarrant County
48439104601,48439,0.0,1.0,0.0,0.0,16.8802474591251,52908.0,264.0,0.0,48474.0,14.8,9.6,24.6,58.0,14.8,5516.0,9.3,30.0,59.8,26.9,Tarrant County
48439104602,48439,1.0,1.0,42.2516246716165,31.851443198574803,42.868415861116596,37134.0,331.0,0.74182987538812,50282.0,28.7,5.3,29.0,58.0,28.4,4845.0,27.1,19.0,52.9,30.5,Tarrant County
48439104603,48439,0.0,1.0,7.21469185368115,5.03966734109335,30.991735537190102,30982.0,153.0,0.7371848731667929,45347.0,24.1,7.6,30.7,52.3,26.0,4417.0,31.1,13.7,52.8,35.3,Tarrant County
48439104604,48439,0.0,1.0,0.00152857522704213,0.0010386648205845301,29.4482331060136,37104.0,283.0,0.000226423051535804,32452.0,30.7,7.6,26.7,73.7,33.3,3245.0,20.7,59.0,17.3,26.8,Tarrant County
48439104605,48439,1.0,1.0,24.8814296666546,14.486341024966501,29.644752960392,42266.0,392.0,3.6411286420970397,43659.0,20.0,13.7,30.4,78.3,24.7,5093.0,24.6,47.0,23.4,32.1,Tarrant County
48439104701,48439,0.0,0.0,,,25.146594497068097,41587.0,268.0,,55774.0,9.9,4.8,29.8,61.3,16.5,4857.0,36.2,1.7,58.5,31.1,Tarrant County
48439104702,48439,0.0,1.0,,,25.600739371534196,33892.0,247.0,,48292.0,25.0,6.0,34.6,60.3,29.6,3099.0,47.2,4.1,46.8,29.7,Tarrant County
48439104802,48439,0.0,1.0,,,20.5708131394723,53920.0,293.0,,46793.0,25.2,2.8,23.5,64.2,28.8,4925.0,42.1,16.3,37.2,27.5,Tarrant County
48439104803,48439,0.0,1.0,,,32.2566564818856,35019.0,476.0,,45531.0,24.8,5.9,30.0,64.5,23.1,6481.0,31.0,2.7,46.8,30.7,Tarrant County
48439104804,48439,0.0,1.0,,,29.205688518903898,39080.0,169.0,,53681.0,18.1,1.2,19.4,81.1,16.5,2774.0,51.2,1.7,39.8,27.9,Tarrant County
48439104900,48439,1.0,1.0,96.4320594865357,50.814958898696204,17.3083475298126,48068.0,112.0,4.751834015913841,53875.0,5.6,0.9,21.3,73.9,6.6,3165.0,62.6,2.9,24.9,37.4,Tarrant County
48439105007,48439,1.0,1.0,22.0047635835384,7.21516865817554,10.0365314362623,57370.0,198.0,0.0,66243.0,11.3,3.1,23.8,83.9,7.4,6075.0,56.6,19.9,10.6,34.2,Tarrant County
48439105008,48439,0.0,0.0,99.6738317832196,31.281816168961303,10.737812911726,67682.0,304.0,5.25216879435592,74907.0,5.4,1.0,28.8,88.0,6.3,9175.0,54.1,12.5,19.4,30.7,Tarrant County
48439105009,48439,,,,,,,,,51345.0,21.1,5.8,27.8,66.6,21.6,6772.0,26.6,5.7,66.0,31.0,Tarrant County
48439105201,48439,0.0,1.0,8.95205676372168,6.60574611127323,37.8201634877384,32457.0,554.0,3.32409135690481,32343.0,34.6,4.7,23.7,69.3,39.5,6149.0,50.8,35.7,11.0,31.6,Tarrant County
48439105203,48439,0.0,1.0,,,12.214983713355,60300.0,193.0,,38955.0,33.3,5.5,29.3,72.2,37.3,3006.0,72.1,5.6,15.3,27.2,Tarrant County
48439105204,48439,0.0,1.0,0.0,0.0,32.258064516129,30750.0,418.0,0.0,32289.0,38.7,12.2,21.9,70.9,42.2,3882.0,40.9,44.6,11.1,27.8,Tarrant County
48439105206,48439,,,,,,,,,42795.0,14.2,1.4,29.9,78.8,24.6,2444.0,49.6,27.9,17.3,43.2,Tarrant County
48439105207,48439,,,,,,,,,28581.0,40.8,10.2,32.6,59.6,42.9,3103.0,24.3,66.3,1.3,23.6,Tarrant County
48439105403,48439,0.0,0.0,,,5.1986853899014,156679.0,84.0,,99940.0,0.0,6.0,16.3,93.3,5.5,6300.0,72.2,3.0,6.8,37.0,Tarrant County
48439105404,48439,0.0,0.0,,,6.58345570239843,162703.0,0.0,,168750.0,6.9,3.8,20.5,98.3,8.4,4121.0,94.4,0.0,4.6,38.9,Tarrant County
48439105405,48439,0.0,0.0,,,6.53577886850943,114091.0,156.0,,68659.0,8.5,1.6,24.2,90.4,11.0,5547.0,71.9,13.6,10.0,35.3,Tarrant County
48439105407,48439,,,,,,,,,64744.0,0.0,2.7,22.3,89.2,2.3,2657.0,74.6,4.6,5.1,32.3,Tarrant County
48439105408,48439,,,,,,,,,97479.0,0.0,5.6,22.8,98.5,2.5,2574.0,84.8,1.0,1.9,45.0,Tarrant County
48439105502,48439,0.0,1.0,,,24.5001586797842,69632.0,447.0,,71771.0,3.5,1.0,24.1,84.2,10.3,7476.0,54.4,13.3,13.2,31.5,Tarrant County
48439105503,48439,0.0,0.0,10.9712430978452,3.71960094963019,11.069980609906601,79609.0,214.0,0.723512112094671,64821.0,17.8,2.8,31.3,82.1,21.0,6352.0,53.7,29.8,10.1,39.6,Tarrant County
48439105505,48439,0.0,0.0,,,25.598526703499104,54295.0,369.0,,67845.0,14.5,4.8,29.8,76.2,19.1,5367.0,54.2,20.9,9.0,31.1,Tarrant County
48439105511,48439,0.0,1.0,,,30.985915492957698,47041.0,542.0,,67606.0,9.9,7.1,26.8,77.2,12.2,6240.0,49.9,39.2,7.3,40.4,Tarrant County
48439105512,48439,0.0,0.0,25.4259689451786,3.9953966989694596,10.713471620697499,76193.0,130.0,1.06735918227848,105583.0,0.7,4.1,27.1,76.0,3.4,5171.0,51.7,19.0,18.1,39.2,Tarrant County
48439105513,48439,0.0,0.0,,,32.711571675302196,27614.0,384.0,,41188.0,23.5,4.2,20.8,78.8,22.8,3509.0,52.3,29.7,11.7,30.5,Tarrant County
48439105514,48439,0.0,0.0,,,11.8888888888889,41864.0,157.0,,49391.0,6.6,4.6,24.4,80.1,11.8,3110.0,48.3,30.3,13.1,29.1,Tarrant County
48439105515,48439,,,,,,,,,67168.0,16.3,3.4,28.6,90.4,19.8,6888.0,42.5,39.4,5.5,35.2,Tarrant County
48439105516,48439,,,,,,,,,69952.0,17.3,6.6,22.8,83.5,17.4,2786.0,44.7,23.5,28.5,38.3,Tarrant County
48439105517,48439,,,,,,,,,56337.0,10.8,1.0,22.5,89.7,9.5,3145.0,59.2,11.2,7.1,37.6,Tarrant County
48439105518,48439,,,,,,,,,83322.0,4.3,1.8,21.6,88.3,3.6,3052.0,65.4,14.5,11.8,52.3,Tarrant County
48439105519,48439,,,,,,,,,73070.0,7.8,3.8,20.0,96.0,10.5,4675.0,77.0,14.2,0.1,36.8,Tarrant County
48439105600,48439,0.0,1.0,3.47991914718948,0.952804448957045,16.2962962962963,62827.0,300.0,0.0765199035821603,81972.0,6.9,5.9,26.9,85.4,7.7,5236.0,65.1,6.5,25.2,31.1,Tarrant County
48439105701,48439,0.0,0.0,6.58391440672868,1.39809751905834,15.691937424789401,73977.0,129.0,0.142802888846666,88385.0,3.3,3.5,24.7,81.1,7.8,4423.0,60.1,14.1,18.3,36.5,Tarrant County
48439105703,48439,0.0,0.0,,,12.2748683845941,80313.0,152.0,,56923.0,10.3,7.6,29.6,73.1,15.9,3308.0,54.4,25.8,17.3,33.2,Tarrant County
48439105705,48439,,,,,,,,,59708.0,9.3,4.2,32.8,71.4,10.1,4361.0,56.9,20.0,8.3,29.4,Tarrant County
48439105706,48439,,,,,,,,,52386.0,13.9,7.5,27.1,68.5,19.7,3976.0,46.4,22.2,20.1,29.0,Tarrant County
48439105800,48439,0.0,1.0,,,18.1590909090909,45606.0,276.0,,50768.0,5.5,18.8,24.3,66.6,13.9,4449.0,44.6,2.9,47.3,32.2,Tarrant County
48439105901,48439,0.0,0.0,,,24.3424584004294,43663.0,376.0,,48995.0,26.7,11.0,26.8,56.4,22.9,4441.0,38.6,14.9,45.8,28.3,Tarrant County
48439105902,48439,0.0,1.0,3.48375092369511,2.75691607168246,43.5047619047619,28860.0,614.0,0.938122197024872,38790.0,28.1,5.0,28.2,70.4,31.2,5840.0,31.9,35.2,9.7,33.1,Tarrant County
48439106002,48439,1.0,1.0,61.3761837209634,33.6937970008353,26.6345881686952,40083.0,266.0,3.10140775897657,60686.0,5.7,9.2,27.2,73.9,8.8,3529.0,36.2,44.0,17.8,29.6,Tarrant County
48439106004,48439,1.0,1.0,68.4112078259302,37.0387824133912,16.847119965353,53769.0,543.0,3.52577874665011,70361.0,8.4,2.4,36.9,74.4,8.2,8749.0,41.5,33.6,18.7,27.1,Tarrant County
48439106005,48439,,,,,,,,,71633.0,1.0,5.5,29.0,80.0,1.5,4644.0,33.3,23.3,43.2,36.7,Tarrant County
48439106006,48439,,,,,,,,,56761.0,24.5,10.2,28.3,83.5,15.7,5361.0,43.1,47.1,2.4,28.8,Tarrant County
48439106101,48439,1.0,1.0,99.9999993692848,56.003148987902996,26.9340974212034,37313.0,98.0,0.710231025405297,47946.0,10.4,9.1,30.7,71.3,13.9,1892.0,26.2,43.1,23.3,40.1,Tarrant County
48439106102,48439,1.0,1.0,90.0715337967691,50.3861848015168,29.856850715746404,39036.0,455.0,9.9656419215094,33542.0,24.0,8.0,42.6,56.5,25.6,4368.0,32.7,25.3,41.4,34.1,Tarrant County
48439106201,48439,1.0,1.0,15.120976136952699,8.47186591118394,15.5458961902327,44133.0,338.0,1.33069124459231,37056.0,21.1,7.8,27.0,56.2,23.2,3863.0,9.9,40.3,49.9,25.3,Tarrant County
48439106202,48439,1.0,1.0,52.2825240858524,33.2073949641546,36.764989396568296,29547.0,829.0,7.64085262803441,43298.0,20.3,10.9,24.5,82.3,25.4,4883.0,8.4,78.0,12.5,37.7,Tarrant County
48439106300,48439,1.0,1.0,84.3558729253833,55.0126850628597,29.948933613697797,39970.0,350.0,19.5735249660044,42500.0,33.2,10.7,26.2,68.3,33.2,4596.0,11.3,63.6,24.1,36.1,Tarrant County
48439106400,48439,1.0,1.0,99.9999984581996,44.247129914310705,6.72351590685471,60769.0,177.0,2.34591937814303,46875.0,10.5,6.2,29.4,81.1,16.4,3254.0,47.3,25.2,22.7,35.0,Tarrant County
48439106502,48439,1.0,1.0,34.629025140965,9.1668883555621,8.731196860693261,49145.0,132.0,0.0,56250.0,22.5,7.8,21.6,73.3,24.8,2517.0,39.7,37.0,18.9,45.2,Tarrant County
48439106503,48439,1.0,1.0,64.878305909348,31.1490666773446,15.9020777617774,49909.0,387.0,5.90633944754589,45947.0,11.2,3.1,25.8,82.8,18.3,4705.0,18.8,51.8,26.6,30.1,Tarrant County
48439106507,48439,0.0,0.0,100.000000246163,33.7636341200651,11.0091743119266,70474.0,60.0,17.021928724512,65673.0,2.7,7.0,26.2,90.9,8.5,2439.0,67.9,19.4,8.5,38.5,Tarrant County
48439106509,48439,0.0,0.0,29.5732053023056,5.84625978524857,5.76228323699422,96250.0,340.0,0.15992818786674398,95327.0,2.9,6.5,28.8,86.5,6.0,6055.0,46.8,33.7,11.9,35.1,Tarrant County
48439106512,48439,1.0,1.0,85.1895273425799,28.3840985574771,23.4394904458599,72629.0,465.0,10.782868249262298,56769.0,7.8,8.0,26.5,80.9,11.1,4882.0,31.8,46.1,8.9,34.4,Tarrant County
48439106513,48439,1.0,1.0,100.000000886629,44.078905763909,18.3035714285714,56346.0,220.0,3.03747690924813,65053.0,7.5,6.6,26.7,79.8,13.3,3318.0,20.9,55.2,14.0,32.4,Tarrant County
48439106514,48439,1.0,1.0,18.7093713759322,3.60549277717688,17.0436612309311,63375.0,451.0,0.0,62054.0,0.0,2.0,24.6,88.1,2.3,5655.0,42.7,38.3,12.1,37.1,Tarrant County
48439106515,48439,1.0,1.0,34.990340263687905,17.2304056203136,20.268525690679102,44595.0,378.0,3.9002454252229404,49167.0,4.8,8.7,24.4,80.7,11.9,4423.0,27.6,50.8,12.4,33.6,Tarrant County
48439106518,48439,1.0,1.0,99.9999993877946,31.9029630543442,9.88350928285402,58385.0,162.0,8.227853253776491,59444.0,9.7,0.5,21.0,85.6,10.5,6222.0,33.3,42.5,7.2,31.0,Tarrant County
48439106519,48439,,,,,,,,,39201.0,23.0,5.7,26.8,82.0,29.9,2287.0,29.7,61.1,3.3,20.8,Tarrant County
48439106520,48439,,,,,,,,,37898.0,22.3,7.3,22.7,50.0,29.7,4618.0,13.3,49.2,31.6,25.8,Tarrant County
48439106521,48439,,,,,,,,,87596.0,13.4,4.5,25.1,87.7,12.4,5543.0,23.4,57.3,10.8,37.4,Tarrant County
48439106522,48439,,,,,,,,,52917.0,26.1,3.0,26.0,89.4,30.8,4337.0,29.4,49.8,17.6,27.3,Tarrant County
48439106523,48439,,,,,,,,,47342.0,21.4,9.6,20.9,80.2,19.8,4044.0,37.1,47.3,10.0,29.4,Tarrant County
48439106524,48439,,,,,,,,,84917.0,1.1,6.1,25.3,86.7,3.2,4911.0,41.9,16.0,4.1,40.5,Tarrant County
48439106525,48439,,,,,,,,,112440.0,3.7,0.0,32.1,89.1,4.9,2025.0,72.8,5.5,0.8,37.2,Tarrant County
48439106526,48439,,,,,,,,,112083.0,5.7,1.7,25.4,92.5,7.6,6704.0,56.1,16.2,10.0,38.2,Tarrant County
48439106600,48439,0.0,1.0,4.6519543164045505,2.4913039289851597,27.941176470588204,35917.0,342.0,0.332087435668191,34688.0,24.8,11.0,22.5,79.4,27.5,2616.0,59.7,18.5,17.6,26.9,Tarrant County
48439106700,48439,0.0,0.0,16.120655761153397,5.034869913864401,10.9895337773549,77368.0,66.0,0.579622275521865,76149.0,0.0,1.0,28.5,80.3,2.3,2262.0,63.1,2.2,33.4,37.9,Tarrant County
48439110102,48439,0.0,0.0,,,19.7239182373241,55900.0,194.0,,47621.0,12.6,2.2,26.9,78.9,12.1,4116.0,45.7,4.9,39.4,36.2,Tarrant County
48439110103,48439,,,,,,,,,53554.0,0.0,6.5,20.2,71.5,3.5,4470.0,45.2,13.3,27.0,32.3,Tarrant County
48439110104,48439,,,,,,,,,40470.0,4.0,0.4,22.5,66.4,5.0,3124.0,45.1,17.7,12.5,37.4,Tarrant County
48439110202,48439,1.0,1.0,20.0076986984702,4.71623082343927,11.4563106796117,55074.0,102.0,0.0,71600.0,2.7,7.3,23.6,60.1,4.9,4529.0,45.5,2.5,47.5,33.1,Tarrant County
48439110204,48439,1.0,1.0,43.560211683888,13.1749489275036,9.133456247340801,56165.0,190.0,0.578169940012158,63979.0,16.1,0.4,26.3,78.2,25.5,8029.0,55.6,4.8,29.6,31.5,Tarrant County
48439110205,48439,,,,,,,,,75770.0,3.5,3.1,25.1,81.6,4.1,5988.0,64.8,5.0,14.9,31.7,Tarrant County
48439110206,48439,,,,,,,,,57386.0,25.4,4.7,24.9,74.7,32.0,2975.0,30.0,2.9,51.2,34.9,Tarrant County
48439110301,48439,0.0,1.0,5.0777570989403,2.90535933068096,19.171959538932,48227.0,269.0,0.429082134629509,42931.0,11.4,3.0,27.9,67.3,15.8,3229.0,67.0,6.2,18.8,42.4,Tarrant County
48439110302,48439,0.0,1.0,,,27.5430680885972,39831.0,326.0,,47062.0,12.7,8.2,24.3,68.0,14.0,4502.0,53.4,4.5,36.9,37.3,Tarrant County
48439110401,48439,0.0,1.0,8.48422470281174,3.99105382264492,10.567556120288,59974.0,182.0,0.0,82114.0,5.6,8.0,28.6,81.7,13.0,4701.0,77.6,2.4,18.0,44.9,Tarrant County
48439110402,48439,1.0,1.0,58.653693215788806,31.2293523351367,18.655987497558097,55234.0,371.0,4.51996976021202,54909.0,25.7,7.4,26.3,71.8,24.9,5387.0,62.2,2.9,30.1,34.4,Tarrant County
48439110500,48439,1.0,1.0,8.106123136430881,3.03742463878234,11.5805578439449,60379.0,467.0,0.670762548940289,66754.0,4.0,3.0,27.8,76.2,6.9,7586.0,63.2,0.2,32.9,39.0,Tarrant County
48439110600,48439,0.0,0.0,33.2342113233526,11.5286053255002,7.40181268882175,74792.0,66.0,0.9911215814549229,72865.0,18.7,2.7,21.6,84.8,19.6,2597.0,79.6,6.3,7.4,31.5,Tarrant County
48439110703,48439,0.0,0.0,59.506273821463395,22.2128662864453,11.608289015221,67143.0,299.0,2.1447933219553303,52661.0,0.6,2.6,24.8,72.6,3.4,6041.0,60.1,7.6,28.4,36.4,Tarrant County
48439110704,48439,1.0,1.0,55.58961666182461,29.6687639857408,13.974672295045501,56120.0,288.0,2.4035926552882803,51682.0,14.3,2.4,20.9,76.3,16.6,5013.0,67.5,5.6,23.4,35.9,Tarrant County
48439110705,48439,,,,,,,,,73333.0,2.4,6.0,21.7,81.4,6.4,3712.0,81.0,8.5,6.0,34.9,Tarrant County
48439110706,48439,,,,,,,,,48852.0,18.2,4.9,22.9,85.9,17.7,3340.0,61.3,2.3,33.5,34.7,Tarrant County
48439110805,48439,0.0,0.0,39.9672990313249,7.17969824392109,9.57174816235219,75363.0,77.0,0.432826835716011,87636.0,4.5,5.5,27.8,85.1,8.1,6282.0,56.7,10.0,23.6,34.2,Tarrant County
48439110806,48439,0.0,0.0,96.4256371256685,13.9346141143187,6.94444444444444,90000.0,108.0,1.0449237466706,91048.0,3.3,2.9,27.5,91.7,3.8,5049.0,75.7,6.5,12.0,37.9,Tarrant County
48439110807,48439,0.0,0.0,85.11293623437591,27.3639677546268,16.6574048346763,93134.0,460.0,2.47408784500469,88611.0,9.4,6.2,27.7,86.5,11.9,8508.0,69.0,4.2,17.2,34.2,Tarrant County
48439110808,48439,0.0,0.0,90.8765048172444,6.595052979968511,3.37576092971776,172024.0,19.0,0.47091381305788893,158646.0,1.8,5.0,30.0,94.7,3.2,4841.0,87.8,2.8,3.5,40.4,Tarrant County
48439110809,48439,0.0,0.0,100.000000868931,12.979962246982698,4.18470418470418,103088.0,0.0,0.519817444659484,102102.0,0.7,2.9,23.7,90.5,1.8,2475.0,92.1,2.8,2.0,43.0,Tarrant County
48439110901,48439,0.0,0.0,35.7674789959553,3.1350726190945197,4.0528233151184,96705.0,90.0,1.06158010398859,98333.0,6.0,5.2,22.6,89.0,8.0,5575.0,73.3,0.0,25.1,37.4,Tarrant County
48439110903,48439,0.0,0.0,,,4.07779171894605,103333.0,44.0,,89625.0,2.7,3.1,17.5,93.8,5.5,1440.0,79.0,6.5,6.3,45.5,Tarrant County
48439110905,48439,0.0,0.0,76.1055981519499,4.433237858189569,2.9875518672199197,104028.0,34.0,0.876962778405371,99063.0,3.5,6.2,23.0,86.5,6.6,4263.0,76.4,3.1,16.2,39.6,Tarrant County
48439110906,48439,0.0,0.0,9.25270523076627,1.35868934014411,6.169940222032451,72210.0,60.0,0.172599625526873,73571.0,3.6,2.1,27.8,77.0,7.1,4633.0,71.5,1.1,24.4,38.3,Tarrant County
48439110907,48439,0.0,0.0,42.7339114136732,4.53916913965101,3.1582054309327,105153.0,41.0,0.48764029963309397,105120.0,1.1,4.5,23.6,89.9,2.0,3802.0,77.2,4.5,8.4,39.4,Tarrant County
48439111003,48439,0.0,0.0,1.5816187074908499,0.46518197329614197,13.7908061292472,80119.0,64.0,0.0,84045.0,3.0,8.7,26.1,81.6,4.8,3715.0,61.5,8.2,22.8,39.8,Tarrant County
48439111010,48439,0.0,0.0,99.9503237786632,16.44908708177,1.24364047484454,98825.0,9.0,1.2217931251949201,101000.0,2.0,1.2,35.1,91.2,3.4,3984.0,80.4,3.1,11.8,48.3,Tarrant County
48439111015,48439,0.0,1.0,8.787024456000179,3.1715354192182,12.0814479638009,55385.0,60.0,0.120859168772396,93433.0,9.4,3.9,32.6,79.7,10.5,2710.0,76.4,10.0,3.8,34.4,Tarrant County
48439111018,48439,0.0,0.0,99.5759547178783,6.21902130106658,3.9660056657223803,116364.0,10.0,2.06211197336488,101855.0,0.0,2.8,35.0,88.1,1.7,2465.0,60.3,17.8,17.3,44.5,Tarrant County
48439111019,48439,,,,,,,,,67573.0,7.0,6.6,25.1,88.6,8.7,4582.0,37.5,28.8,15.8,33.5,Tarrant County
48439111020,48439,,,,,,,,,49573.0,13.8,12.7,23.0,74.8,19.4,6212.0,41.6,34.9,15.5,29.6,Tarrant County
48439111021,48439,,,,,,,,,91282.0,3.9,3.9,32.5,90.5,3.8,5635.0,58.7,22.9,14.1,29.4,Tarrant County
48439111022,48439,,,,,,,,,97612.0,6.9,5.8,30.9,87.8,9.1,6643.0,52.1,25.8,18.7,29.2,Tarrant County
48439111023,48439,,,,,,,,,91069.0,11.6,3.2,29.3,84.3,11.0,8081.0,34.2,49.1,6.1,29.8,Tarrant County
48439111024,48439,,,,,,,,,73825.0,6.3,26.5,30.7,76.9,8.3,5568.0,24.9,57.0,2.6,35.0,Tarrant County
48439111025,48439,,,,,,,,,77321.0,9.4,22.9,27.5,63.7,12.1,4445.0,44.0,15.0,35.8,32.2,Tarrant County
48439111026,48439,,,,,,,,,75476.0,7.6,6.8,29.9,69.7,10.8,6461.0,29.1,45.6,19.0,27.6,Tarrant County
48439111027,48439,,,,,,,,,84375.0,2.7,9.8,41.8,75.5,4.4,4614.0,37.5,41.0,9.5,38.7,Tarrant County
48439111028,48439,,,,,,,,,85804.0,3.8,8.8,29.2,86.5,7.1,7793.0,46.9,24.3,25.2,35.2,Tarrant County
48439111029,48439,,,,,,,,,100922.0,5.2,1.6,30.6,90.7,8.4,7519.0,61.7,4.9,16.1,29.7,Tarrant County
48439111030,48439,,,,,,,,,76851.0,4.0,5.8,23.6,95.7,4.6,3824.0,84.6,4.9,5.5,36.7,Tarrant County
48439111031,48439,,,,,,,,,123339.0,4.3,6.5,26.3,97.1,9.8,2924.0,33.1,43.9,10.5,31.7,Tarrant County
48439111032,48439,,,,,,,,,113861.0,5.0,3.4,24.2,89.9,5.9,6488.0,54.4,20.8,5.3,40.1,Tarrant County
48439111033,48439,,,,,,,,,118462.0,3.6,4.3,33.8,95.4,4.0,4449.0,36.9,45.1,5.9,34.6,Tarrant County
48439111102,48439,1.0,1.0,100.000000307531,45.0514132454821,23.7388724035608,48393.0,290.0,3.34149708164492,70335.0,10.3,10.0,30.1,83.9,11.5,6480.0,12.7,52.6,32.7,33.2,Tarrant County
48439111103,48439,1.0,1.0,74.36877755590689,48.526356177013305,33.9918402404982,33636.0,246.0,0.456065267330176,59667.0,11.4,5.9,27.3,76.8,8.3,4161.0,38.0,32.7,28.3,28.7,Tarrant County
48439111104,48439,1.0,1.0,45.194227311839406,18.582219553067798,13.9041633935585,57455.0,108.0,1.91723120598389,49697.0,15.5,2.6,23.9,81.6,15.7,3311.0,23.8,33.9,34.9,36.2,Tarrant County
48439111202,48439,1.0,1.0,34.005038638013204,19.1505284498616,22.872680742162498,43059.0,510.0,0.8365366855132841,56420.0,16.9,9.9,24.4,76.7,23.0,6102.0,38.0,28.5,32.3,36.9,Tarrant County
48439111203,48439,0.0,0.0,99.9729396312371,28.769726188154397,15.790253295807998,79643.0,334.0,4.95354631266111,99837.0,4.8,2.9,30.0,93.3,5.3,7922.0,57.8,18.7,16.9,34.1,Tarrant County
48439111204,48439,0.0,0.0,94.6004882217715,27.081756113486797,11.4218658321925,81111.0,130.0,0.369141270757817,107708.0,3.7,2.4,31.0,85.2,4.8,5047.0,74.1,3.9,13.3,40.8,Tarrant County
48439111304,48439,0.0,0.0,,,5.05639335952351,94830.0,24.0,,97411.0,1.3,4.8,26.0,82.1,3.5,7110.0,75.4,7.9,1.9,42.0,Tarrant County
48439111306,48439,0.0,0.0,39.7535975700403,9.28929808874783,7.54463428681129,86451.0,132.0,0.8958681785241699,74968.0,11.4,1.6,29.9,85.0,16.7,6052.0,58.6,19.2,16.0,33.4,Tarrant County
48439111307,48439,0.0,0.0,,,15.929203539823,62564.0,167.0,,68937.0,9.5,8.4,31.0,82.8,7.8,3130.0,56.4,24.3,8.0,30.5,Tarrant County
48439111308,48439,0.0,0.0,7.680216209874271,1.8338223543475598,9.47436729396496,77857.0,67.0,0.7157488121958641,87708.0,8.2,5.8,29.1,75.1,6.9,1854.0,70.0,17.3,8.9,38.0,Tarrant County
48439111309,48439,0.0,0.0,90.26236778009789,27.6354304692306,6.63811563169165,78272.0,135.0,3.03762380796546,65833.0,7.2,8.2,25.3,81.1,12.1,4000.0,62.5,11.5,21.7,34.3,Tarrant County
48439111311,48439,0.0,0.0,24.2450378801934,1.38911464852622,4.29107276819205,119712.0,38.0,0.246727056952595,126161.0,0.6,2.7,25.4,89.4,0.9,7555.0,52.6,22.5,7.6,41.2,Tarrant County
48439111312,48439,0.0,0.0,27.8003158594118,2.5069286380562,4.66867469879518,148454.0,0.0,0.245805702109511,168108.0,0.0,1.6,26.5,97.4,1.0,3332.0,83.8,4.4,3.2,51.6,Tarrant County
48439111314,48439,0.0,0.0,99.5480379875984,9.29590821683448,0.513186029935852,122558.0,77.0,0.0,142899.0,8.6,3.8,31.2,90.2,8.0,8450.0,49.0,39.3,3.6,34.9,Tarrant County
48439111315,48439,,,,,,,,,90308.0,1.7,15.0,31.5,90.6,9.2,4221.0,51.9,35.3,1.1,28.0,Tarrant County
48439111316,48439,,,,,,,,,112723.0,1.0,10.4,28.9,85.1,1.5,6466.0,25.8,49.0,4.3,35.5,Tarrant County
48439111317,48439,,,,,,,,,96088.0,9.7,1.7,31.4,85.2,16.4,4948.0,71.4,2.5,24.1,41.3,Tarrant County
48439111318,48439,,,,,,,,,100682.0,5.4,7.0,32.1,81.9,9.6,6414.0,80.5,10.4,3.8,42.9,Tarrant County
48439111319,48439,,,,,,,,,134504.0,0.4,0.6,31.4,93.5,1.2,9115.0,47.0,39.3,7.4,33.9,Tarrant County
48439111320,48439,,,,,,,,,149898.0,0.1,3.4,32.7,90.0,0.1,6579.0,31.7,37.0,9.1,36.2,Tarrant County
48439111402,48439,0.0,0.0,16.4551596204768,2.99736634160276,11.2572599931671,88821.0,93.0,0.0957170548007208,94422.0,1.9,0.4,26.9,90.3,5.1,6779.0,71.1,9.8,8.3,38.7,Tarrant County
48439111405,48439,0.0,0.0,98.3968079986409,37.6398243011321,18.5025480203842,55854.0,144.0,3.57191275130644,68542.0,9.8,0.5,31.2,89.4,11.8,2411.0,67.2,16.3,7.3,35.8,Tarrant County
48439111406,48439,0.0,0.0,75.5970019154755,5.40107057855628,0.9781619654231121,114516.0,7.0,0.0,149013.0,3.5,5.5,25.1,91.0,3.4,4419.0,65.8,18.7,6.2,40.1,Tarrant County
48439111407,48439,0.0,0.0,43.2025736023116,12.280826558367899,10.477299185099,110709.0,48.0,1.05994739651366,156111.0,3.0,5.0,29.8,92.1,5.2,3629.0,61.3,17.1,13.7,40.3,Tarrant County
48439111408,48439,0.0,0.0,64.611236448745,7.131962153141109,3.09571144561204,111875.0,22.0,0.43786945260352805,69565.0,12.7,8.0,29.0,84.6,17.8,4496.0,64.9,24.5,6.8,39.6,Tarrant County
48439111409,48439,0.0,0.0,75.0088338356144,4.58872561895637,1.69043845747491,127429.0,27.0,1.0268321701005299,140631.0,7.4,4.1,25.7,89.1,9.3,5483.0,56.4,19.2,9.9,41.7,Tarrant County
48439111410,48439,,,,,,,,,55588.0,2.5,9.2,26.4,86.7,2.1,3411.0,41.1,36.9,15.0,33.1,Tarrant County
48439111411,48439,,,,,,,,,114927.0,3.3,5.7,31.4,86.3,6.7,6116.0,67.2,14.8,8.8,44.4,Tarrant County
48439111505,48439,0.0,1.0,,,22.817080943276,69515.0,237.0,,97054.0,6.3,7.5,22.7,84.7,7.0,4903.0,76.2,4.3,14.1,33.2,Tarrant County
48439111506,48439,0.0,0.0,15.1306447753278,5.7736375885136795,10.7033639143731,65164.0,222.0,1.39860070840227,63730.0,4.4,4.4,21.4,85.7,7.9,6185.0,62.4,21.0,7.6,35.4,Tarrant County
48439111513,48439,0.0,0.0,0.012536938957525499,0.00202273296989771,4.158699808795411,80615.0,139.0,0.0,83881.0,9.0,9.0,31.5,83.0,11.4,5043.0,36.1,22.4,22.9,33.5,Tarrant County
48439111514,48439,0.0,0.0,63.1801727307146,21.0544305523167,7.969968235633839,70670.0,241.0,0.181997605423868,77963.0,4.5,2.9,27.4,70.8,3.6,6262.0,45.6,14.9,13.6,30.4,Tarrant County
48439111516,48439,0.0,0.0,0.0,0.0,5.54338899534629,75158.0,184.0,0.0,82656.0,7.4,8.3,22.9,81.8,6.8,7191.0,39.1,30.1,13.1,32.8,Tarrant County
48439111522,48439,1.0,1.0,8.70550352259607,4.57145338848594,20.215633423180602,48205.0,425.0,0.0882065068488232,68958.0,16.0,6.2,27.1,75.0,17.8,6709.0,41.6,10.3,31.5,31.3,Tarrant County
48439111525,48439,1.0,1.0,45.4062847039235,16.999927932754698,22.4467588994248,62651.0,375.0,1.5965981806469398,66622.0,6.9,5.2,23.0,71.0,9.7,6731.0,39.1,19.6,29.8,32.2,Tarrant County
48439111526,48439,0.0,1.0,,,13.169386347966,61250.0,134.0,,63512.0,14.8,4.3,26.1,75.5,16.2,4451.0,61.3,18.6,12.9,33.4,Tarrant County
48439111529,48439,0.0,0.0,92.2797166664832,12.3865003524933,5.3789146545541495,98393.0,8.0,10.0015236568013,100643.0,5.2,7.8,23.5,89.3,7.2,3652.0,71.4,10.2,11.4,48.4,Tarrant County
48439111530,48439,0.0,0.0,5.61761152484931,0.346473675984789,3.9539463717618504,102750.0,0.0,0.0,118457.0,1.1,3.0,27.4,95.7,3.0,5179.0,75.4,10.6,5.0,45.6,Tarrant County
48439111531,48439,0.0,0.0,0.200206473728423,0.0623159210041958,6.73316708229426,91793.0,55.0,0.0,107579.0,5.7,3.5,24.1,88.8,8.0,4494.0,73.2,8.6,10.3,41.1,Tarrant County
48439111532,48439,0.0,0.0,1.36914037871627,0.144731062558695,5.31493373411668,90347.0,31.0,0.0,102736.0,0.7,5.1,30.6,87.3,6.3,7489.0,66.6,19.3,7.4,37.4,Tarrant County
48439111533,48439,0.0,0.0,,,5.03914876530817,89441.0,71.0,,115536.0,0.0,5.9,33.9,89.7,2.9,5270.0,64.6,5.8,12.8,39.4,Tarrant County
48439111534,48439,0.0,0.0,,,6.15997548268465,82122.0,158.0,,86734.0,3.7,1.4,28.3,89.9,4.3,6152.0,69.9,20.9,3.3,41.4,Tarrant County
48439111536,48439,0.0,0.0,31.2449408179473,9.0865976447847,18.434572378362,66985.0,160.0,0.26686880582440203,53542.0,7.8,7.3,25.2,84.1,15.7,4446.0,37.1,27.5,29.0,27.5,Tarrant County
48439111538,48439,0.0,0.0,0.0,0.0,3.0431937172774903,78019.0,140.0,0.0,83438.0,8.4,6.9,26.5,86.2,5.8,5545.0,27.2,46.9,19.7,33.5,Tarrant County
48439111540,48439,0.0,0.0,30.096225802847197,9.37358925847056,4.0284360189573505,81453.0,240.0,0.951478276742447,102169.0,2.0,5.0,26.4,87.5,4.6,6901.0,44.6,35.5,7.7,28.5,Tarrant County
48439111541,48439,0.0,0.0,,,15.4538634658665,64063.0,140.0,,68832.0,9.2,5.2,29.0,79.2,13.4,3677.0,41.3,32.6,15.1,32.4,Tarrant County
48439111542,48439,0.0,0.0,40.8197094958784,8.47388771492307,1.5445099691098,94866.0,232.0,0.924507593676638,86840.0,0.8,2.1,31.6,85.4,2.8,5440.0,36.2,26.4,17.6,37.9,Tarrant County
48439111543,48439,0.0,0.0,,,30.202075368651,37049.0,361.0,,72869.0,22.9,5.1,31.8,84.2,21.7,8668.0,35.1,40.5,11.8,32.3,Tarrant County
48439111544,48439,0.0,0.0,4.76272593837596,0.686910185553532,6.34429400386847,80407.0,197.0,0.0,98228.0,10.4,4.4,30.5,88.2,12.0,8350.0,49.4,13.6,26.0,33.6,Tarrant County
48439111545,48439,0.0,0.0,49.5377049799593,3.2700340760592903,12.3998312948123,146053.0,10.0,0.372828767466559,106894.0,2.9,4.9,25.7,89.7,3.6,2320.0,72.6,3.8,6.3,52.8,Tarrant County
48439111546,48439,0.0,0.0,47.2698793523449,7.5984943532414,3.08850645359557,95956.0,91.0,0.48597367513958406,120522.0,0.0,7.2,25.8,92.9,1.1,7165.0,72.2,5.8,11.3,38.3,Tarrant County
48439111551,48439,0.0,0.0,6.51552117717796,0.0,1.44802867383513,127523.0,117.0,0.0,126786.0,2.3,2.5,27.4,93.5,1.5,7512.0,65.3,19.5,4.3,40.1,Tarrant County
48439111552,48439,0.0,0.0,,,8.63609291244789,92273.0,93.0,,93833.0,4.4,5.0,25.9,94.2,3.6,3402.0,64.9,7.2,17.1,45.2,Tarrant County
48439111553,48439,0.0,1.0,,,14.1277972499326,61383.0,147.0,,55122.0,26.8,4.2,24.1,79.7,25.2,4312.0,47.5,28.2,9.3,29.8,Tarrant County
48439111554,48439,,,,,,,,,120769.0,4.8,0.6,26.9,81.9,6.2,5138.0,27.8,33.1,27.3,36.5,Tarrant County
48439111555,48439,,,,,,,,,120434.0,2.9,1.7,30.7,94.0,5.4,5639.0,32.8,40.1,8.3,36.6,Tarrant County
48439111556,48439,,,,,,,,,60510.0,18.4,5.6,24.2,70.3,22.2,4610.0,25.5,23.5,44.1,30.3,Tarrant County
48439111557,48439,,,,,,,,,66042.0,9.5,3.1,21.2,68.1,10.7,2527.0,22.4,8.3,41.9,33.2,Tarrant County
48439111558,48439,,,,,,,,,73072.0,13.0,6.7,23.8,79.9,11.5,6176.0,39.1,24.3,24.6,30.0,Tarrant County
48439111559,48439,,,,,,,,,70353.0,4.2,10.1,25.2,83.7,5.9,2097.0,21.3,39.1,24.3,33.2,Tarrant County
48439111560,48439,,,,,,,,,76071.0,26.9,6.4,32.6,90.1,28.2,6033.0,37.7,31.0,15.3,33.4,Tarrant County
48439111561,48439,,,,,,,,,85843.0,0.8,4.4,25.8,90.3,0.4,4412.0,37.1,10.1,15.4,29.1,Tarrant County
48439111562,48439,,,,,,,,,131683.0,1.9,12.5,28.8,92.0,5.8,5109.0,32.7,33.4,9.7,28.7,Tarrant County
48439111563,48439,,,,,,,,,113140.0,0.8,6.1,26.8,88.8,0.9,4407.0,26.1,31.4,16.8,39.3,Tarrant County
48439111564,48439,,,,,,,,,98132.0,0.3,8.2,30.7,89.7,1.4,5352.0,31.1,38.2,3.2,34.1,Tarrant County
48439111565,48439,,,,,,,,,136321.0,6.9,5.0,30.5,91.3,11.6,5489.0,44.9,34.3,6.4,38.2,Tarrant County
48439111566,48439,,,,,,,,,186864.0,0.9,2.4,34.8,96.7,1.5,7698.0,44.9,30.6,5.2,36.4,Tarrant County
48439111567,48439,,,,,,,,,96167.0,9.5,8.9,31.8,78.0,8.5,9016.0,41.6,41.7,12.7,26.4,Tarrant County
48439111568,48439,,,,,,,,,101798.0,0.5,1.7,38.7,91.4,2.5,7339.0,31.6,33.8,14.3,31.8,Tarrant County
48439111569,48439,,,,,,,,,55990.0,20.4,11.5,33.8,73.2,18.2,4526.0,15.2,30.2,28.0,33.7,Tarrant County
48439111570,48439,,,,,,,,,52500.0,16.8,1.9,22.7,73.4,14.6,4631.0,17.5,59.6,14.4,25.4,Tarrant County
48439111571,48439,,,,,,,,,67002.0,1.7,0.7,22.8,91.8,6.6,3738.0,27.7,33.0,15.7,31.5,Tarrant County
48439111572,48439,,,,,,,,,85250.0,0.0,2.8,26.7,79.5,2.5,3282.0,29.5,39.7,11.7,34.6,Tarrant County
48439113003,48439,,,,,,,,,57477.0,0.0,5.8,27.1,91.8,0.0,1385.0,41.6,41.3,0.0,36.1,Tarrant County
48439113004,48439,,,,,,,,,122777.0,0.0,5.7,22.9,89.3,1.2,2869.0,67.9,8.2,14.3,54.2,Tarrant County
48439113005,48439,,,,,,,,,38929.0,15.1,0.0,24.7,75.5,16.4,1987.0,41.8,35.8,18.5,37.3,Tarrant County
48439113006,48439,,,,,,,,,49282.0,14.7,0.5,23.1,74.1,12.8,1747.0,6.5,49.4,37.0,34.5,Tarrant County
48439113007,48439,,,,,,,,,33869.0,34.9,2.6,19.3,77.2,28.0,3166.0,39.5,29.1,29.2,31.5,Tarrant County
48439113102,48439,0.0,0.0,21.4287914161575,5.05325842693529,12.3483226266952,94524.0,199.0,0.40244260161685996,68638.0,0.0,4.8,25.0,82.6,2.3,4567.0,46.9,40.6,4.7,36.2,Tarrant County
48439113104,48439,0.0,1.0,,,15.278783490224502,55375.0,267.0,,47560.0,23.0,2.7,22.7,78.4,16.4,3894.0,41.4,44.5,9.8,29.1,Tarrant County
48439113107,48439,0.0,0.0,19.1681655189131,3.92244310119813,10.446297204512,107829.0,15.0,0.423579101077855,68229.0,7.1,1.9,29.8,92.8,6.6,2144.0,81.0,1.4,16.8,52.2,Tarrant County
48439113108,48439,0.0,0.0,41.346141848120496,4.36716042343654,9.04576856649396,125150.0,95.0,0.302215177736647,154722.0,3.8,2.5,26.1,89.0,4.9,4556.0,79.6,4.7,8.7,49.1,Tarrant County
48439113109,48439,0.0,0.0,21.068161544553,10.1194554298194,17.4882629107981,74550.0,192.0,0.54856246466292,54834.0,9.0,3.0,22.1,85.9,8.2,3630.0,36.8,40.8,15.7,37.1,Tarrant County
48439113110,48439,0.0,0.0,,,9.79667282809612,65153.0,173.0,,54506.0,11.8,3.1,24.8,77.2,8.5,4822.0,41.1,45.5,7.9,31.8,Tarrant County
48439113112,48439,0.0,0.0,,,17.372700042789898,105250.0,128.0,,78646.0,10.3,1.1,39.5,90.7,8.4,2135.0,61.1,24.2,1.7,37.8,Tarrant County
48439113115,48439,0.0,1.0,6.39878372540878,3.38719458413214,10.0208147487362,43438.0,162.0,0.08321214863594541,52023.0,9.2,7.4,22.8,70.8,13.3,4158.0,44.1,21.5,29.3,34.8,Tarrant County
48439113116,48439,1.0,1.0,25.265350639268604,7.944794291073511,10.0445132572092,47813.0,197.0,3.2441617700821697,49728.0,10.3,8.2,29.2,73.5,11.1,4083.0,29.2,43.9,9.7,31.6,Tarrant County
48439113117,48439,,,,,,,,,41000.0,22.6,9.1,20.7,76.4,23.4,2020.0,36.9,40.2,18.6,26.0,Tarrant County
48439113118,48439,,,,,,,,,44541.0,13.6,18.6,21.3,73.0,13.0,3196.0,13.2,74.6,9.5,27.3,Tarrant County
48439113119,48439,,,,,,,,,59380.0,0.0,6.0,27.6,87.2,1.4,3888.0,30.9,52.0,7.1,31.8,Tarrant County
48439113120,48439,,,,,,,,,191250.0,1.5,2.9,23.9,93.9,2.6,4899.0,51.4,10.0,4.8,36.7,Tarrant County
48439113121,48439,,,,,,,,,67913.0,10.0,9.1,25.2,83.6,10.5,1377.0,27.9,70.1,2.0,30.7,Tarrant County
48439113122,48439,,,,,,,,,80026.0,2.3,3.7,25.4,85.6,2.9,3865.0,29.0,64.3,1.0,31.2,Tarrant County
48439113206,48439,0.0,1.0,,,20.9188146589514,58909.0,432.0,,46729.0,19.6,2.1,26.7,75.5,23.1,5925.0,69.4,2.8,20.1,36.7,Tarrant County
48439113207,48439,0.0,0.0,43.9244032598056,2.67519421980943,1.97512801755669,103935.0,35.0,0.0,119055.0,0.9,0.5,32.7,92.6,1.6,3787.0,84.8,3.4,5.9,45.6,Tarrant County
48439113210,48439,0.0,0.0,99.9643421315052,12.591301465107598,4.45019052803484,104265.0,38.0,2.0873023976551,125213.0,3.0,3.1,28.8,93.5,3.0,8006.0,81.9,4.5,5.2,42.9,Tarrant County
48439113212,48439,0.0,0.0,,,7.662916578221191,91164.0,146.0,,95761.0,0.8,6.2,26.9,90.7,5.0,4062.0,91.1,1.5,3.3,52.4,Tarrant County
48439113213,48439,0.0,0.0,,,4.6264367816092005,65938.0,40.0,,84583.0,8.5,8.4,25.7,77.3,11.6,4021.0,66.6,6.6,14.6,37.5,Tarrant County
48439113214,48439,0.0,0.0,34.607842233367705,3.67422935450833,12.887915297553901,74861.0,121.0,0.0,92957.0,5.5,2.3,28.7,88.2,9.8,5365.0,72.2,7.4,11.3,36.6,Tarrant County
48439113215,48439,0.0,0.0,76.3462517587616,13.7397582581371,9.0186730234406,70990.0,102.0,0.5140938061557321,86601.0,4.1,3.0,29.2,80.8,4.1,4613.0,76.8,2.8,10.6,37.2,Tarrant County
48439113216,48439,0.0,0.0,23.4254026508855,9.85489821792279,15.2783260955389,65962.0,132.0,1.19140655534161,68590.0,3.9,0.0,21.6,92.4,4.2,5101.0,64.1,13.5,5.6,36.9,Tarrant County
48439113217,48439,0.0,0.0,50.56213556793,13.3617183901421,7.80939774983455,78125.0,255.0,2.1227505257463997,92957.0,8.4,4.5,34.6,82.2,8.2,4540.0,69.3,11.1,14.2,36.1,Tarrant County
48439113218,48439,0.0,0.0,62.956839177648405,5.31920181732492,4.8940614741868105,103958.0,34.0,0.178881374857222,101875.0,6.8,1.2,26.2,95.5,9.9,2780.0,85.3,4.7,6.7,46.9,Tarrant County
48439113221,48439,0.0,0.0,28.1576898601954,5.58557549300136,5.88993189766243,86169.0,130.0,1.62720352915931,81193.0,6.6,2.0,25.4,85.2,7.1,6853.0,75.6,6.5,14.8,39.9,Tarrant County
48439113222,48439,,,,,,,,,58674.0,0.0,1.1,25.6,88.5,2.3,3776.0,49.4,19.8,20.3,25.6,Tarrant County
48439113223,48439,,,,,,,,,68914.0,3.3,7.7,26.8,81.2,8.3,3477.0,68.7,3.7,16.7,33.2,Tarrant County
48439113301,48439,0.0,0.0,1.58983942614606,0.368658407388315,5.49372484016102,73486.0,129.0,0.0,89260.0,7.9,3.2,23.7,81.3,7.7,3714.0,80.4,2.9,13.7,38.9,Tarrant County
48439113302,48439,0.0,1.0,0.0,0.0,20.7567804024497,49006.0,275.0,0.0,59306.0,9.1,4.0,21.0,72.5,12.3,5168.0,81.4,1.2,10.0,35.7,Tarrant County
48439113403,48439,0.0,0.0,,,14.6707608324804,72768.0,19.0,,76439.0,7.7,3.0,23.7,76.5,14.9,2830.0,83.4,2.4,10.0,39.5,Tarrant County
48439113404,48439,0.0,1.0,,,9.62424672102091,55813.0,317.0,,55236.0,12.6,7.6,25.5,75.6,12.7,5871.0,79.1,6.3,11.5,39.5,Tarrant County
48439113407,48439,0.0,1.0,1.28007750495887,0.269843298741902,30.4569390181756,50804.0,441.0,0.221437890370386,57264.0,15.3,1.1,23.0,70.6,18.8,6786.0,48.6,18.0,25.8,27.5,Tarrant County
48439113408,48439,0.0,0.0,5.27452821335082,2.56257991610056,13.714922876788698,63700.0,240.0,0.186838252112005,71071.0,9.0,3.1,23.2,87.5,11.9,5420.0,63.9,6.7,15.8,37.6,Tarrant County
48439113409,48439,,,,,,,,,83113.0,4.6,0.9,27.6,98.5,10.0,2343.0,76.6,15.4,4.3,48.4,Tarrant County
48439113410,48439,,,,,,,,,49497.0,13.4,2.4,24.0,84.9,10.1,4573.0,43.9,18.2,30.9,35.4,Tarrant County
48439113509,48439,0.0,1.0,,,14.3826322930801,58750.0,163.0,,71231.0,8.5,9.3,29.7,83.7,11.3,4950.0,51.8,3.7,9.2,32.2,Tarrant County
48439113510,48439,0.0,1.0,3.21659989978956,0.705685724270141,8.211473565804269,63266.0,63.0,0.0063548185995646895,79343.0,6.4,7.8,23.2,84.3,12.9,7140.0,38.5,17.4,9.0,38.5,Tarrant County
48439113511,48439,0.0,0.0,51.4704471750894,15.6607337348606,2.76497695852535,73438.0,146.0,1.97733026272401,78438.0,6.2,4.1,23.3,86.5,5.1,4268.0,42.2,25.2,9.0,34.0,Tarrant County
48439113512,48439,0.0,0.0,24.2399622429668,4.495563162548,4.93368700265252,64318.0,97.0,1.08850848112207,74181.0,1.8,3.7,25.3,90.4,6.8,6262.0,49.1,24.5,8.0,37.4,Tarrant County
48439113513,48439,0.0,0.0,99.1733997470383,33.8924970741587,7.150241212956581,75382.0,201.0,2.68165096632953,75597.0,5.4,2.7,25.8,80.2,9.7,5989.0,48.7,11.0,20.2,36.1,Tarrant County
48439113514,48439,1.0,1.0,35.7483075517582,13.6238951081655,23.5358631278789,46000.0,264.0,2.28384258852978,60944.0,11.0,1.0,25.5,73.6,14.2,5455.0,46.0,13.4,19.5,32.3,Tarrant County
48439113516,48439,0.0,0.0,0.0,0.0,10.872340425531899,95398.0,83.0,0.0,99886.0,4.1,9.2,26.2,88.3,5.4,4153.0,80.8,8.4,5.2,39.1,Tarrant County
48439113517,48439,0.0,0.0,0.54587133677038,0.048799306873045505,5.99846193283773,83920.0,66.0,0.0,81333.0,6.9,0.9,24.4,90.9,7.6,4697.0,48.6,29.6,6.3,35.7,Tarrant County
48439113519,48439,0.0,0.0,18.3686577840268,1.51776060014762,3.8478747203579395,110888.0,38.0,0.167900548682222,83252.0,2.5,4.2,23.8,93.8,3.1,6827.0,59.4,8.5,8.6,38.3,Tarrant County
48439113520,48439,0.0,0.0,94.8720250982568,13.5316046251674,5.3324968632371395,87391.0,55.0,0.934242876966265,89089.0,8.8,3.9,20.0,94.8,7.0,5938.0,48.0,17.1,4.1,33.4,Tarrant County
48439113521,48439,,,,,,,,,70072.0,8.4,4.9,28.2,76.0,8.5,4137.0,47.9,24.0,11.6,28.9,Tarrant County
48439113522,48439,,,,,,,,,73879.0,19.4,4.6,19.9,80.3,16.3,1892.0,46.1,37.1,7.0,33.3,Tarrant County
48439113607,48439,0.0,0.0,,,9.036289353520791,66838.0,180.0,,62619.0,0.5,1.7,26.6,85.5,3.1,4603.0,54.6,26.9,13.3,35.1,Tarrant County
48439113611,48439,0.0,0.0,9.32736586208446,0.83102860045953,4.352007694157249,114400.0,31.0,0.215758055770083,112041.0,2.4,1.6,25.1,91.7,4.7,4461.0,78.6,5.3,6.2,48.2,Tarrant County
48439113612,48439,0.0,0.0,1.1667502224719,0.055730750115504504,3.5632183908046,120000.0,36.0,0.0,109167.0,0.0,7.7,24.4,97.3,2.7,4775.0,76.3,3.0,9.0,46.3,Tarrant County
48439113613,48439,0.0,0.0,,,8.216482164821649,102238.0,67.0,,92750.0,2.8,1.4,30.2,87.4,4.2,4267.0,72.4,4.8,8.4,43.6,Tarrant County
48439113618,48439,0.0,0.0,15.0371851897133,1.8580933968603102,5.71478504019574,74929.0,175.0,0.0,73447.0,3.7,3.5,24.0,91.6,4.8,5866.0,69.0,9.5,14.8,40.1,Tarrant County
48439113619,48439,1.0,1.0,40.714025640171606,25.414047718863703,15.3026716266486,54263.0,489.0,1.08644689840618,46833.0,4.5,6.1,26.5,80.8,5.0,4978.0,44.0,30.3,16.2,32.0,Tarrant County
48439113622,48439,0.0,0.0,29.8512886553388,1.10236117449931,2.3734177215189898,178526.0,14.0,0.0,174754.0,1.8,3.6,25.2,96.2,4.5,7803.0,71.1,9.6,6.3,43.4,Tarrant County
48439113623,48439,0.0,0.0,,,1.12287455887071,102031.0,10.0,,110688.0,1.3,4.4,23.9,95.2,4.8,3115.0,91.4,0.8,5.8,52.3,Tarrant County
48439113624,48439,0.0,0.0,,,2.14449302519259,110756.0,40.0,,105737.0,0.3,6.2,22.8,84.5,2.7,4687.0,75.8,3.4,11.2,37.4,Tarrant County
48439113625,48439,0.0,0.0,37.8295121474152,0.8019498824867971,0.42092603728202005,125701.0,12.0,0.653211929925678,131182.0,4.2,2.5,24.1,94.4,3.3,3085.0,78.1,0.8,12.9,45.2,Tarrant County
48439113626,48439,0.0,0.0,43.512783773479704,5.49883864444794,3.8678278688524603,98333.0,85.0,2.0932760026454202,136964.0,0.9,2.2,27.3,93.4,2.2,3617.0,78.3,7.3,5.7,48.5,Tarrant County
48439113628,48439,0.0,0.0,,,5.22821576763485,64095.0,38.0,,72007.0,14.6,7.6,22.2,86.8,12.1,5165.0,47.0,25.4,12.9,33.9,Tarrant County
48439113629,48439,0.0,0.0,0.111704940258362,0.018005072643787697,14.901960784313701,107946.0,33.0,0.0,85199.0,4.8,6.6,29.0,88.0,4.7,4639.0,65.5,6.0,8.5,42.5,Tarrant County
48439113630,48439,0.0,0.0,,,12.409513960703201,67902.0,263.0,,59903.0,12.7,5.8,23.4,81.7,12.3,3231.0,71.5,14.0,2.3,40.2,Tarrant County
48439113632,48439,0.0,0.0,51.052233461740904,3.1922887581108403,3.35791925465838,154420.0,21.0,0.0,160903.0,2.6,1.5,24.0,94.7,3.0,4909.0,83.2,1.2,9.0,46.8,Tarrant County
48439113633,48439,0.0,0.0,13.452247713106699,0.475472665845788,1.56002713090662,149766.0,16.0,0.48921750702320005,175968.0,1.7,1.9,23.6,98.6,3.1,4594.0,77.4,3.6,3.7,44.4,Tarrant County
48439113634,48439,0.0,0.0,48.9792384886483,1.13927098255849,2.14259327669006,206310.0,0.0,1.39786816775395,204872.0,0.4,1.9,22.8,98.2,1.2,4963.0,78.5,5.6,2.9,49.2,Tarrant County
48439113635,48439,,,,,,,,,81141.0,4.1,4.6,19.2,82.8,7.4,3511.0,62.6,11.5,17.3,35.9,Tarrant County
48439113636,48439,,,,,,,,,57209.0,6.9,14.4,19.5,78.6,11.3,2658.0,65.3,11.7,16.5,29.8,Tarrant County
48439113637,48439,,,,,,,,,53245.0,12.7,1.7,23.5,90.4,17.5,4551.0,73.2,5.3,14.8,32.8,Tarrant County
48439113638,48439,,,,,,,,,83300.0,6.1,3.2,24.5,88.3,5.6,1615.0,66.7,14.1,10.2,39.3,Tarrant County
48439113639,48439,,,,,,,,,168606.0,6.0,4.6,25.9,91.2,5.6,6622.0,88.6,0.5,1.8,43.9,Tarrant County
48439113640,48439,,,,,,,,,233750.0,2.5,3.2,25.0,97.9,3.3,6640.0,78.9,0.5,14.7,45.6,Tarrant County
48439113707,48439,0.0,0.0,85.6213815514218,10.7041943356474,4.539486025136,135833.0,67.0,0.8870674925820989,175000.0,3.5,3.0,26.1,92.8,5.5,4580.0,94.2,0.2,1.8,45.5,Tarrant County
48439113709,48439,0.0,0.0,0.769300871077945,0.0930864737522984,1.8668206312548101,138299.0,0.0,0.228501048397731,155441.0,4.1,5.6,24.7,92.6,3.9,5267.0,73.8,2.8,3.2,42.6,Tarrant County
48439113710,48439,0.0,0.0,54.1523997881313,19.017901831478,7.7716643741402995,71694.0,85.0,1.82725829089233,88611.0,4.6,10.2,21.5,88.5,6.8,4326.0,64.5,7.2,23.1,38.0,Tarrant County
48439113711,48439,0.0,0.0,0.0591735318919167,0.0100938778298745,5.56348074179743,96938.0,27.0,0.000826926319297529,129000.0,3.5,4.3,21.7,93.0,4.3,4055.0,77.9,1.3,5.5,39.1,Tarrant County
48439113712,48439,,,,,,,,,92163.0,3.4,2.2,19.9,84.1,7.0,5306.0,75.6,1.5,14.9,42.2,Tarrant County
48439113714,48439,,,,,,,,,105478.0,5.5,6.3,28.3,76.4,16.1,3492.0,80.6,1.5,13.7,43.0,Tarrant County
48439113715,48439,,,,,,,,,94924.0,0.0,5.7,21.0,90.6,1.7,6529.0,45.0,25.6,19.6,33.3,Tarrant County
48439113716,48439,,,,,,,,,82629.0,7.4,3.0,24.0,93.4,4.6,2655.0,66.4,2.4,16.2,44.1,Tarrant County
48439113803,48439,0.0,0.0,,,3.88742304309587,80625.0,107.0,,102296.0,2.5,4.7,29.8,82.8,3.4,5957.0,81.1,3.8,10.0,36.4,Tarrant County
48439113808,48439,0.0,0.0,39.4034958872425,6.601764125493351,4.819089207735501,78217.0,233.0,0.463515117272293,86801.0,15.0,7.5,30.2,84.0,12.9,6446.0,65.1,7.7,12.5,35.5,Tarrant County
48439113809,48439,0.0,0.0,19.5358878303557,3.1564709425983097,8.819823603527931,67392.0,156.0,0.023642965607217303,77518.0,7.8,3.8,26.3,84.7,14.0,4716.0,70.5,5.2,17.8,40.5,Tarrant County
48439113810,48439,0.0,0.0,16.421089817532998,5.30545647420669,9.484404837683,67045.0,157.0,0.0,83406.0,0.7,6.4,29.2,77.0,4.5,4330.0,70.9,4.0,13.3,34.6,Tarrant County
48439113811,48439,0.0,0.0,4.53763386528743,1.5475167533415501,14.2720991184179,68750.0,107.0,0.048971702383628794,78458.0,8.1,3.1,29.4,84.2,11.3,4250.0,53.9,11.6,5.1,36.3,Tarrant County
48439113812,48439,0.0,0.0,4.44210297678696,0.318835156130804,2.11649466503411,117206.0,27.0,0.0,156103.0,3.6,1.3,28.0,90.1,6.3,5692.0,84.2,4.9,3.7,39.1,Tarrant County
48439113813,48439,0.0,0.0,32.516386304212105,0.733067663990012,1.17443203696573,146493.0,5.0,0.168983569038066,170417.0,0.2,5.5,34.6,98.3,1.8,5539.0,85.3,1.4,6.4,45.7,Tarrant County
48439113814,48439,0.0,0.0,35.5392149805368,0.5693555886403889,0.387096774193548,158036.0,0.0,0.386952365256294,162188.0,2.0,2.2,25.8,97.1,3.6,4536.0,80.3,2.3,6.2,47.9,Tarrant County
48439113815,48439,0.0,0.0,41.2134817629436,0.99038387806716,1.64484190354519,210372.0,24.0,0.719579843747928,227802.0,1.4,2.9,28.4,98.3,1.8,6174.0,85.3,3.5,3.8,43.1,Tarrant County
48439113816,48439,0.0,0.0,73.5895457999095,3.3701478079920797,0.738356683074593,161188.0,0.0,1.26300389087268,190464.0,0.0,2.4,26.3,97.1,0.8,5062.0,83.1,3.7,3.0,47.1,Tarrant County
48439113906,48439,0.0,0.0,64.0977225946441,5.76570673686765,1.88223938223938,234907.0,21.0,0.0,225526.0,1.8,2.8,26.1,99.0,2.4,7847.0,80.3,1.1,1.3,37.7,Tarrant County
48439113912,48439,0.0,0.0,7.38873247200646,0.47156755719195403,0.609946825148577,152447.0,74.0,0.439661117069449,191833.0,1.5,2.6,27.4,96.8,1.7,5758.0,88.4,0.0,6.9,48.2,Tarrant County
48439113916,48439,0.0,0.0,9.15195289347492,1.12857761797984,7.840408257944791,65227.0,144.0,0.00355808925343262,72304.0,8.1,5.4,28.7,84.6,11.2,4084.0,50.5,17.6,25.2,33.8,Tarrant County
48439113917,48439,0.0,0.0,1.61935837424257,0.8507587951853751,19.3316831683168,75663.0,288.0,0.0,96135.0,6.0,3.0,27.6,82.8,7.1,7272.0,56.3,14.4,18.7,34.0,Tarrant County
48439113918,48439,0.0,0.0,,,5.33683289588801,69048.0,240.0,,77287.0,3.3,2.7,29.3,81.1,5.5,4789.0,57.8,16.9,12.1,32.6,Tarrant County
48439113919,48439,0.0,0.0,,,3.95251761022698,107222.0,126.0,,138553.0,1.4,3.5,31.7,89.9,1.7,7696.0,57.5,9.3,9.4,38.4,Tarrant County
48439113920,48439,0.0,0.0,,,1.05124835742444,105703.0,28.0,,113750.0,0.0,5.9,30.3,95.1,1.6,6181.0,60.4,13.5,7.9,37.7,Tarrant County
48439113923,48439,0.0,0.0,60.2257044646925,11.370800065811,5.68672251840569,92875.0,42.0,0.222286589863147,88978.0,0.0,3.2,25.9,87.4,1.7,4682.0,58.3,15.1,10.9,32.6,Tarrant County
48439113924,48439,0.0,0.0,41.5938075843221,10.5415889841392,13.193657984144998,74583.0,142.0,1.4465684124429299,95729.0,1.4,1.4,30.3,90.8,3.7,4834.0,66.2,8.1,12.4,31.1,Tarrant County
48439113925,48439,0.0,0.0,41.924660172261,8.13430719583196,5.2719865803978,84375.0,108.0,1.59671946765732,88155.0,1.3,5.4,26.5,79.8,1.2,3776.0,63.8,5.5,10.6,48.4,Tarrant County
48439113930,48439,,,,,,,,,100673.0,2.4,1.2,33.7,87.5,3.0,11883.0,48.4,17.3,11.5,34.0,Tarrant County
48439113931,48439,,,,,,,,,106649.0,3.3,5.7,27.4,90.3,4.6,14277.0,56.0,10.9,15.4,33.3,Tarrant County
48439113932,48439,,,,,,,,,109643.0,0.0,5.8,29.0,96.4,0.5,6431.0,62.9,11.9,8.1,37.9,Tarrant County
48439113933,48439,,,,,,,,,98012.0,0.9,3.0,23.6,90.0,6.1,2075.0,66.4,5.6,24.5,30.4,Tarrant County
48439113934,48439,,,,,,,,,118393.0,7.0,2.0,24.7,69.7,10.2,6447.0,63.8,9.7,25.0,34.1,Tarrant County
48439113935,48439,,,,,,,,,99575.0,0.3,11.4,44.7,87.6,0.7,3853.0,71.0,4.7,8.4,34.3,Tarrant County
48439113936,48439,,,,,,,,,108060.0,0.0,2.4,29.4,91.5,0.2,5632.0,70.0,10.2,11.1,41.8,Tarrant County
48439113937,48439,,,,,,,,,114973.0,8.4,13.4,27.4,83.2,6.2,1473.0,65.2,14.3,17.4,27.4,Tarrant County
48439113938,48439,,,,,,,,,103702.0,3.0,3.0,24.1,92.3,4.8,1983.0,73.1,16.2,5.0,41.6,Tarrant County
48439113939,48439,,,,,,,,,119292.0,2.3,4.5,24.0,83.3,4.4,3845.0,57.2,15.1,15.0,37.5,Tarrant County
48439113940,48439,,,,,,,,,145461.0,3.0,3.1,32.5,97.2,5.2,7710.0,67.5,8.1,13.9,36.1,Tarrant County
48439113941,48439,,,,,,,,,73876.0,1.2,6.6,27.2,88.5,2.0,6089.0,60.3,11.8,17.5,31.3,Tarrant County
48439113942,48439,,,,,,,,,98286.0,0.0,5.3,31.3,91.9,1.7,5929.0,75.6,8.0,8.6,34.7,Tarrant County
48439113943,48439,,,,,,,,,114270.0,3.7,3.0,29.9,91.0,4.2,6012.0,57.7,9.8,11.8,31.2,Tarrant County
48439113944,48439,,,,,,,,,110266.0,0.0,3.4,26.7,90.6,1.5,5694.0,86.5,0.7,6.8,42.6,Tarrant County
48439113945,48439,,,,,,,,,152733.0,0.0,4.5,34.3,97.8,0.4,3875.0,83.5,0.0,4.2,36.5,Tarrant County
48439113946,48439,,,,,,,,,102804.0,10.0,4.2,27.6,90.8,6.3,6544.0,83.0,0.0,3.2,35.4,Tarrant County
48439113947,48439,,,,,,,,,101355.0,0.0,6.1,25.3,97.0,3.1,2892.0,57.3,7.8,14.2,35.1,Tarrant County
48439113948,48439,,,,,,,,,70922.0,16.8,5.0,27.2,87.7,19.1,5713.0,65.0,16.7,3.4,24.3,Tarrant County
48439113949,48439,,,,,,,,,193125.0,11.6,10.4,32.6,92.5,10.9,3386.0,60.8,22.5,3.1,37.2,Tarrant County
48439113950,48439,,,,,,,,,143461.0,0.0,3.8,29.1,95.0,1.5,6842.0,64.2,14.7,11.0,35.6,Tarrant County
48439113951,48439,,,,,,,,,92708.0,2.5,2.8,28.4,94.8,2.6,3294.0,91.5,6.3,0.7,44.6,Tarrant County
48439113952,48439,,,,,,,,,73750.0,12.9,3.5,22.9,94.9,9.8,4830.0,77.2,3.1,6.0,43.4,Tarrant County
48439113953,48439,,,,,,,,,231518.0,0.0,3.3,31.8,94.0,2.1,7515.0,78.5,1.4,8.3,38.3,Tarrant County
48439113954,48439,,,,,,,,,201453.0,2.7,2.5,28.7,98.3,2.3,4161.0,87.0,2.5,6.8,42.5,Tarrant County
48439113955,48439,,,,,,,,,234881.0,0.0,3.9,27.0,98.0,0.0,3987.0,86.3,0.0,0.7,37.1,Tarrant County
48439114003,48439,0.0,0.0,22.543164119124402,9.70723360067322,4.82370754921047,83061.0,223.0,0.0710132286233241,88750.0,1.4,5.6,26.4,89.0,3.5,9148.0,62.5,16.8,17.0,36.8,Tarrant County
48439114006,48439,0.0,0.0,86.20851935742681,15.4778713078186,8.7040887040887,78347.0,197.0,3.2835342024514,101982.0,3.8,0.7,27.0,95.1,5.9,6906.0,72.1,0.8,22.1,38.9,Tarrant County
48439114009,48439,,,,,,,,,103844.0,2.5,5.7,27.9,84.3,7.3,7117.0,47.2,18.1,22.1,30.3,Tarrant County
48439114010,48439,,,,,,,,,122219.0,4.5,6.0,37.0,94.3,5.7,8650.0,60.3,6.6,26.4,34.7,Tarrant County
48439114011,48439,,,,,,,,,120238.0,3.0,0.8,26.9,86.4,6.5,6426.0,71.9,12.3,12.1,33.2,Tarrant County
48439114012,48439,,,,,,,,,119054.0,2.7,2.9,26.7,86.2,3.3,10209.0,66.9,12.7,11.0,29.1,Tarrant County
48439114013,48439,,,,,,,,,72669.0,16.4,2.0,29.8,90.6,23.5,8883.0,52.4,21.6,20.6,32.4,Tarrant County
48439114014,48439,,,,,,,,,102731.0,0.5,2.8,29.3,91.9,2.2,6778.0,78.0,3.2,14.4,36.2,Tarrant County
48439114015,48439,,,,,,,,,92173.0,1.8,3.8,24.8,85.7,3.9,3523.0,85.9,0.5,10.8,30.9,Tarrant County
48439114105,48439,,,,,,,,,166875.0,3.7,0.0,33.8,98.2,5.5,3323.0,97.7,0.0,1.6,44.4,Tarrant County
48439114106,48439,,,,,,,,,84792.0,0.0,5.8,29.1,91.7,1.2,7248.0,60.3,13.0,16.1,33.8,Tarrant County
48439114107,48439,,,,,,,,,121000.0,3.1,9.4,32.0,91.5,4.8,4607.0,72.3,2.3,23.2,39.6,Tarrant County
48439114108,48439,,,,,,,,,123596.0,6.0,1.3,33.5,94.2,5.4,4797.0,90.3,2.5,4.2,47.0,Tarrant County
48439114109,48439,,,,,,,,,107436.0,3.1,3.5,32.7,83.7,3.9,14304.0,63.6,15.1,10.2,33.2,Tarrant County
48439114110,48439,,,,,,,,,137208.0,6.0,2.8,31.4,87.0,5.0,8949.0,75.7,13.7,7.7,35.0,Tarrant County
48439114111,48439,,,,,,,,,192750.0,6.6,2.1,35.5,95.2,5.4,2645.0,80.0,8.4,9.9,35.6,Tarrant County
48439114112,48439,,,,,,,,,137318.0,6.1,2.2,27.4,90.5,3.3,5799.0,81.9,2.6,15.2,32.4,Tarrant County
48439114113,48439,,,,,,,,,100833.0,6.7,3.0,39.9,92.5,4.1,4691.0,63.2,20.3,11.9,32.1,Tarrant County
48439114203,48439,0.0,0.0,79.3922211295541,32.093924966273704,11.5105162523901,71830.0,246.0,5.53877123812515,69329.0,9.6,7.3,33.1,84.7,12.5,5977.0,88.4,0.3,9.3,42.0,Tarrant County
48439114204,48439,0.0,0.0,24.3623701080984,3.89050403442646,7.92738275340393,73523.0,136.0,1.1223187312822,82930.0,5.9,3.0,31.2,90.0,8.5,7060.0,80.4,2.7,11.4,35.4,Tarrant County
48439114205,48439,0.0,0.0,79.87784822417659,23.6707678744554,12.092873266688201,76326.0,118.0,5.62081393719601,69764.0,14.5,6.5,30.1,84.8,16.7,3185.0,84.9,0.1,12.8,39.6,Tarrant County
48439114206,48439,0.0,0.0,100.00000070611298,33.6571095188726,11.757696127110199,112500.0,145.0,3.9293128543478195,93625.0,3.3,10.3,31.5,81.6,4.0,4424.0,88.4,1.3,8.4,45.4,Tarrant County
48439114207,48439,0.0,0.0,42.403069585261896,2.67382661672936,3.25984251968504,111759.0,112.0,0.16652604391704098,108988.0,1.2,1.8,27.2,90.6,4.0,6208.0,81.7,4.7,8.2,38.1,Tarrant County
48439121605,48439,0.0,0.0,0.184554779851759,0.05162216521598201,11.3097409704487,85433.0,71.0,0.0282292473987539,80787.0,5.3,4.6,25.5,86.8,11.3,3117.0,71.9,14.9,9.8,47.1,Tarrant County
48439121606,48439,0.0,0.0,100.000001337141,22.180673148985,1.7820017820017802,129500.0,58.0,0.0,120788.0,0.0,2.8,32.5,93.1,1.1,3755.0,78.1,13.2,1.7,41.4,Tarrant County
48439121608,48439,0.0,0.0,84.0120630114734,11.2688651593981,4.367858459270179,82000.0,71.0,0.695028194941924,82015.0,3.3,3.5,28.5,89.8,6.3,5876.0,74.3,11.3,7.3,42.0,Tarrant County
48439121609,48439,0.0,0.0,64.8586458492411,10.2864314798762,2.28571428571429,135703.0,9.0,1.03157278154483,121344.0,0.3,8.4,27.5,91.2,3.0,5042.0,63.5,14.4,9.8,47.3,Tarrant County
48439121610,48439,0.0,0.0,0.559235561749533,0.18593872571944398,12.495164410058,79375.0,53.0,0.008068517183016011,103182.0,1.2,3.4,24.3,91.9,3.4,2370.0,76.6,3.2,14.2,43.3,Tarrant County
48439121611,48439,0.0,0.0,2.89329187188086,0.47951394976747097,10.9396914446003,77905.0,113.0,0.11643953252372899,90216.0,12.6,4.9,30.3,88.3,14.7,4833.0,54.7,25.9,13.2,33.8,Tarrant County
48439121612,48439,,,,,,,,,98646.0,2.1,0.8,22.4,89.7,2.9,2818.0,73.8,8.9,10.9,56.2,Tarrant County
48439121613,48439,,,,,,,,,98079.0,9.5,1.2,25.3,66.8,12.0,4551.0,57.6,12.4,20.1,38.8,Tarrant County
48439121614,48439,,,,,,,,,45299.0,53.1,1.4,30.4,63.6,59.2,3572.0,45.4,27.5,25.1,24.2,Tarrant County
48439121615,48439,,,,,,,,,82950.0,8.0,3.2,21.2,90.0,11.3,4197.0,38.4,24.3,30.5,41.2,Tarrant County
48439121702,48439,0.0,1.0,0.0182111842979772,0.00558720257432487,22.2938144329897,53750.0,218.0,0.000435896678323534,52679.0,5.2,3.8,20.6,88.0,14.4,2395.0,38.0,53.7,6.3,37.0,Tarrant County
48439121703,48439,0.0,0.0,,,34.985041136873605,33281.0,509.0,,42159.0,22.8,1.2,24.7,56.3,26.4,5076.0,47.3,12.4,33.8,29.4,Tarrant County
48439121704,48439,0.0,0.0,,,25.514285714285702,31843.0,349.0,,46314.0,26.1,3.0,22.4,54.1,30.4,3253.0,47.2,6.0,42.6,33.3,Tarrant County
48439121904,48439,0.0,1.0,2.37993059359433,1.37469325557798,25.036542075589903,43864.0,279.0,0.559382025317187,47222.0,18.6,10.6,23.9,60.2,20.7,4508.0,31.7,23.6,42.1,29.1,Tarrant County
48439121905,48439,0.0,0.0,,,44.560917721519,31595.0,828.0,,28052.0,46.8,7.0,22.1,66.0,45.8,5839.0,13.6,29.2,37.8,30.1,Tarrant County
48439121906,48439,0.0,0.0,,,31.263537906137202,30820.0,262.0,,47157.0,28.4,7.8,23.0,50.4,33.6,3831.0,28.6,13.9,55.9,28.6,Tarrant County
48439121907,48439,,,,,,,,,42083.0,24.8,2.1,23.3,61.0,26.8,4631.0,27.7,22.8,41.7,30.7,Tarrant County
48439121908,48439,,,,,,,,,38697.0,9.4,0.0,36.7,59.6,14.7,1406.0,13.7,37.8,43.5,23.4,Tarrant County
48439122001,48439,0.0,0.0,,,18.0833909237503,53250.0,251.0,,44736.0,22.1,2.6,26.8,65.0,23.3,3125.0,43.3,5.6,50.2,34.6,Tarrant County
48439122002,48439,0.0,1.0,,,25.0927070457355,39173.0,422.0,,47143.0,11.2,10.6,27.7,69.6,11.9,4952.0,38.5,17.1,42.9,25.9,Tarrant County
48439122100,48439,0.0,0.0,,,24.2457487657707,42282.0,575.0,,52279.0,11.4,3.3,33.2,64.4,14.4,7074.0,32.9,7.6,46.8,29.9,Tarrant County
48439122200,48439,0.0,1.0,,,37.8590078328982,33000.0,153.0,,34031.0,21.5,1.4,22.4,56.0,26.0,2259.0,52.4,6.0,39.4,29.8,Tarrant County
48439122300,48439,1.0,1.0,14.2331504455287,11.8603800594811,50.9922346850733,35625.0,81.0,5.90970004231786,22707.0,10.8,8.6,18.2,85.0,57.2,5606.0,44.8,20.6,8.9,21.8,Tarrant County
48439122401,48439,,,,,,,,,27405.0,16.1,16.2,20.4,58.1,40.6,2116.0,32.1,15.8,44.0,22.8,Tarrant County
48439122402,48439,,,,,,,,,59750.0,3.9,7.1,23.7,88.9,29.1,4588.0,60.0,10.5,6.6,24.5,Tarrant County
48439122500,48439,0.0,0.0,0.66879211101845,0.181521663568889,10.0410330678252,80250.0,191.0,0.012066026391712,61308.0,11.4,3.3,21.1,77.9,16.9,4306.0,66.2,9.5,14.6,37.9,Tarrant County
48439122600,48439,0.0,0.0,,,19.5709177592372,70076.0,207.0,,61466.0,4.9,14.0,24.4,89.0,6.5,3959.0,77.0,12.4,6.6,35.5,Tarrant County
48439122701,48439,,,,,,,,,32776.0,37.1,0.0,24.9,91.4,40.2,2047.0,47.7,37.7,12.1,24.0,Tarrant County
48439122702,48439,,,,,,,,,46549.0,14.0,0.3,24.8,80.6,24.2,2929.0,62.1,11.3,17.2,36.8,Tarrant County
48439122801,48439,0.0,1.0,,,29.918739226791402,35862.0,262.0,,38333.0,21.7,6.4,26.9,67.6,29.1,3891.0,17.7,35.1,42.9,28.6,Tarrant County
48439122802,48439,0.0,0.0,,,36.6250247868332,40347.0,437.0,,54659.0,18.5,9.8,28.5,64.0,23.9,5839.0,35.8,14.3,42.4,30.8,Tarrant County
48439122901,48439,,,,,,,,,69054.0,7.3,8.8,30.8,63.4,9.6,4317.0,32.0,0.3,52.2,25.2,Tarrant County
48439122902,48439,,,,,,,,,42906.0,15.5,0.0,27.3,63.9,17.9,2883.0,32.4,11.4,51.7,27.4,Tarrant County
48439123001,48439,,,,,,,,,48780.0,23.0,5.9,24.0,86.5,32.0,3126.0,62.8,17.0,10.8,53.1,Tarrant County
48439123002,48439,,,,,,,,,94856.0,5.4,1.1,18.7,92.5,9.9,2683.0,86.3,10.2,1.6,45.3,Tarrant County
48439123100,48439,1.0,1.0,99.9999999052985,77.5227312852589,51.976401179941,28625.0,405.0,18.084493140798998,45956.0,23.4,8.2,24.3,75.5,28.4,2948.0,24.4,36.0,37.7,37.1,Tarrant County
48439123200,48439,0.0,0.0,43.532388520629404,18.3704905844535,11.975560081466401,,153.0,1.65969780722118,60065.0,4.4,1.0,23.2,89.9,12.0,3255.0,57.8,20.3,15.8,29.7,Tarrant County
48439123301,48439,,,,,,,,,94221.0,10.4,5.0,20.6,93.6,9.8,1424.0,79.2,7.6,7.5,48.1,Tarrant County
48439123302,48439,,,,,,,,,86990.0,3.4,0.0,22.9,91.3,7.1,6118.0,67.8,17.7,8.8,38.6,Tarrant County
48439123500,48439,1.0,1.0,76.0465636789515,55.7848375967736,38.945736434108504,38777.0,255.0,8.85520456962425,47361.0,29.7,12.6,28.2,58.0,37.8,3159.0,33.3,31.0,29.4,29.1,Tarrant County
48439123600,48439,1.0,1.0,50.5975350565503,33.5484992279696,38.1660899653979,35208.0,389.0,17.0998611029613,60601.0,28.6,3.7,15.3,77.3,29.8,3820.0,59.2,19.3,11.4,31.7,Tarrant County
48439123700,48439,,,,,,,,,72132.0,8.4,3.1,21.0,93.0,12.8,3975.0,75.7,4.9,9.6,36.3,Tarrant County
